timestamp_ns,time_local,source,decoded_ids,status,position,depth_m,excluded_ids,undecoded_candidates,depth_rejected,dictionary,camera,image,corners_px
1779120852476672632,2026-05-19T00:14:12.476+08:00,online_diagnostic,[18],decoded,,,[],25,0,DICT_APRILTAG_16h5,,,
1779120855676496632,2026-05-19T00:14:15.676+08:00,online_diagnostic,[18],decoded,,,[],30,0,DICT_APRILTAG_16h5,,,
1779120857143510136,2026-05-19T00:14:17.143+08:00,fused_map,[18],fused_world_position,"[-0.06321048913005498, 0.024746953126836377, 0.9585555481833873]",,,,,,,,
1779120858853159128,2026-05-19T00:14:18.853+08:00,online_diagnostic,[18],decoded,,,[],26,0,DICT_APRILTAG_16h5,,,
1779120859139607320,2026-05-19T00:14:19.139+08:00,fused_map,[18],fused_world_position,"[-0.06407337463547902, 0.0312569579938573, 0.9576151925506775]",,,,,,,,
1779120861139488056,2026-05-19T00:14:21.139+08:00,fused_map,[18],fused_world_position,"[-0.07279633723219181, 0.015268980218491001, 0.953383703055836]",,,,,,,,
1779120862039726808,2026-05-19T00:14:22.039+08:00,online_diagnostic,[18],decoded,,,[],31,0,DICT_APRILTAG_16h5,,,
1779120863139679736,2026-05-19T00:14:23.139+08:00,fused_map,[18],fused_world_position,"[-0.12054529646275317, 0.0029097727283752006, 0.9566107210958292]",,,,,,,,
1779120864139927928,2026-05-19T00:14:24.139+08:00,fused_map,[18],fused_world_position,"[-0.11718851945704643, 0.01587479420671861, 0.9526898539864525]",,,,,,,,
1779120865226863448,2026-05-19T00:14:25.226+08:00,online_diagnostic,[18],decoded,,,[],25,0,DICT_APRILTAG_16h5,,,
1779120866140345272,2026-05-19T00:14:26.140+08:00,fused_map,[18],fused_world_position,"[-0.061108703344445695, 0.05698966454410584, 0.947813434334553]",,,,,,,,
1779120868140195384,2026-05-19T00:14:28.140+08:00,fused_map,[18],fused_world_position,"[-0.053704305617673226, 0.06456721573721104, 0.9489381307892154]",,,,,,,,
1779120868427410296,2026-05-19T00:14:28.427+08:00,online_diagnostic,[],no_decode,,,[],26,0,DICT_APRILTAG_16h5,,,
1779120871692268472,2026-05-19T00:14:31.692+08:00,online_diagnostic,[],no_decode,,,[],40,0,DICT_APRILTAG_16h5,,,
1779120874841097144,2026-05-19T00:14:34.841+08:00,online_diagnostic,[],no_decode,,,[],34,0,DICT_APRILTAG_16h5,,,
1779120877902508728,2026-05-19T00:14:37.902+08:00,online_diagnostic,[],no_decode,,,[],23,0,DICT_APRILTAG_16h5,,,
1779120881127829496,2026-05-19T00:14:41.127+08:00,online_diagnostic,[],no_decode,,,[],21,0,DICT_APRILTAG_16h5,,,
1779120884213542168,2026-05-19T00:14:44.213+08:00,online_diagnostic,[],no_decode,,,[],19,0,DICT_APRILTAG_16h5,,,
1779120887306759192,2026-05-19T00:14:47.306+08:00,online_diagnostic,[],no_decode,,,[],23,0,DICT_APRILTAG_16h5,,,
1779120890605794584,2026-05-19T00:14:50.605+08:00,online_diagnostic,[],no_decode,,,[],13,0,DICT_APRILTAG_16h5,,,
1779120893704744152,2026-05-19T00:14:53.704+08:00,online_diagnostic,[],no_decode,,,[],6,0,DICT_APRILTAG_16h5,,,
1779120896752902904,2026-05-19T00:14:56.752+08:00,online_diagnostic,[],no_decode,,,[],23,0,DICT_APRILTAG_16h5,,,
1779120899929869464,2026-05-19T00:14:59.929+08:00,online_diagnostic,[],no_decode,,,[],13,0,DICT_APRILTAG_16h5,,,
1779120903052300728,2026-05-19T00:15:03.052+08:00,online_diagnostic,[],no_decode,,,[],6,0,DICT_APRILTAG_16h5,,,
1779120906090576568,2026-05-19T00:15:06.090+08:00,online_diagnostic,[],no_decode,,,[],13,0,DICT_APRILTAG_16h5,,,
1779120909221992952,2026-05-19T00:15:09.221+08:00,online_diagnostic,[],no_decode,,,[],18,0,DICT_APRILTAG_16h5,,,
1779120912272229752,2026-05-19T00:15:12.272+08:00,online_diagnostic,[],no_decode,,,[],19,0,DICT_APRILTAG_16h5,,,
1779120915350837304,2026-05-19T00:15:15.350+08:00,online_diagnostic,[],no_decode,,,[],8,0,DICT_APRILTAG_16h5,,,
1779120918394536120,2026-05-19T00:15:18.394+08:00,online_diagnostic,[],no_decode,,,[],17,0,DICT_APRILTAG_16h5,,,
1779120921404355928,2026-05-19T00:15:21.404+08:00,online_diagnostic,[],no_decode,,,[],13,0,DICT_APRILTAG_16h5,,,
1779120924722535480,2026-05-19T00:15:24.722+08:00,online_diagnostic,[],no_decode,,,[],16,0,DICT_APRILTAG_16h5,,,
1779120927863061784,2026-05-19T00:15:27.863+08:00,online_diagnostic,[],no_decode,,,[],10,0,DICT_APRILTAG_16h5,,,
1779120930920021624,2026-05-19T00:15:30.920+08:00,online_diagnostic,[],no_decode,,,[],12,0,DICT_APRILTAG_16h5,,,
1779120933950970616,2026-05-19T00:15:33.950+08:00,online_diagnostic,[],no_decode,,,[],8,0,DICT_APRILTAG_16h5,,,
1779120937017572248,2026-05-19T00:15:37.017+08:00,online_diagnostic,[],no_decode,,,[],12,0,DICT_APRILTAG_16h5,,,
1779120940178958168,2026-05-19T00:15:40.178+08:00,online_diagnostic,[],no_decode,,,[],12,0,DICT_APRILTAG_16h5,,,
1779120943209762968,2026-05-19T00:15:43.209+08:00,online_diagnostic,[],no_decode,,,[],3,0,DICT_APRILTAG_16h5,,,
1779120946210869144,2026-05-19T00:15:46.210+08:00,online_diagnostic,[],no_decode,,,[],13,0,DICT_APRILTAG_16h5,,,
1779120949342032408,2026-05-19T00:15:49.342+08:00,online_diagnostic,[],no_decode,,,[],18,0,DICT_APRILTAG_16h5,,,
1779120952569956408,2026-05-19T00:15:52.569+08:00,online_diagnostic,[],no_decode,,,[],20,0,DICT_APRILTAG_16h5,,,
1779120955641654424,2026-05-19T00:15:55.641+08:00,online_diagnostic,[],no_decode,,,[],15,0,DICT_APRILTAG_16h5,,,
1779120958720948536,2026-05-19T00:15:58.720+08:00,online_diagnostic,[],no_decode,,,[],15,0,DICT_APRILTAG_16h5,,,
1779120961870566648,2026-05-19T00:16:01.870+08:00,online_diagnostic,[],no_decode,,,[],12,0,DICT_APRILTAG_16h5,,,
1779120964959571224,2026-05-19T00:16:04.959+08:00,online_diagnostic,[],no_decode,,,[],27,0,DICT_APRILTAG_16h5,,,
1779120968061072760,2026-05-19T00:16:08.061+08:00,online_diagnostic,[],no_decode,,,[],35,0,DICT_APRILTAG_16h5,,,
1779120971285597304,2026-05-19T00:16:11.285+08:00,online_diagnostic,[],no_decode,,,[],28,0,DICT_APRILTAG_16h5,,,
1779120974582069592,2026-05-19T00:16:14.582+08:00,online_diagnostic,[],no_decode,,,[],14,0,DICT_APRILTAG_16h5,,,
1779120977736946136,2026-05-19T00:16:17.736+08:00,online_diagnostic,[],no_decode,,,[],17,0,DICT_APRILTAG_16h5,,,
1779120980823447000,2026-05-19T00:16:20.823+08:00,online_diagnostic,[],no_decode,,,[],30,0,DICT_APRILTAG_16h5,,,
1779120983941964216,2026-05-19T00:16:23.941+08:00,online_diagnostic,[],no_decode,,,[],25,0,DICT_APRILTAG_16h5,,,
1779120987092517208,2026-05-19T00:16:27.092+08:00,online_diagnostic,[],no_decode,,,[],18,0,DICT_APRILTAG_16h5,,,
1779120990250307928,2026-05-19T00:16:30.250+08:00,online_diagnostic,[],no_decode,,,[],26,0,DICT_APRILTAG_16h5,,,
1779120993317407640,2026-05-19T00:16:33.317+08:00,online_diagnostic,[],no_decode,,,[],15,0,DICT_APRILTAG_16h5,,,
1779120996334125240,2026-05-19T00:16:36.334+08:00,online_diagnostic,[],no_decode,,,[],9,0,DICT_APRILTAG_16h5,,,
1779120999362413528,2026-05-19T00:16:39.362+08:00,online_diagnostic,[],no_decode,,,[],13,0,DICT_APRILTAG_16h5,,,
1779121002390755480,2026-05-19T00:16:42.390+08:00,online_diagnostic,[],no_decode,,,[],7,0,DICT_APRILTAG_16h5,,,
1779121005524022808,2026-05-19T00:16:45.524+08:00,online_diagnostic,[],no_decode,,,[],17,0,DICT_APRILTAG_16h5,,,
1779121008582570936,2026-05-19T00:16:48.582+08:00,online_diagnostic,[],no_decode,,,[],27,0,DICT_APRILTAG_16h5,,,
1779121011741081816,2026-05-19T00:16:51.741+08:00,online_diagnostic,[],no_decode,,,[],21,0,DICT_APRILTAG_16h5,,,
1779121014923932760,2026-05-19T00:16:54.923+08:00,online_diagnostic,[],no_decode,,,[],45,0,DICT_APRILTAG_16h5,,,
1779121018027004280,2026-05-19T00:16:58.027+08:00,online_diagnostic,[],no_decode,,,[],51,0,DICT_APRILTAG_16h5,,,
1779121021185378680,2026-05-19T00:17:01.185+08:00,online_diagnostic,[],no_decode,,,[],44,0,DICT_APRILTAG_16h5,,,
1779121024308963064,2026-05-19T00:17:04.308+08:00,online_diagnostic,[],no_decode,,,[],19,0,DICT_APRILTAG_16h5,,,
1779121027382659992,2026-05-19T00:17:07.382+08:00,online_diagnostic,[],no_decode,,,[],22,0,DICT_APRILTAG_16h5,,,
1779121030500609368,2026-05-19T00:17:10.500+08:00,online_diagnostic,[],no_decode,,,[],13,0,DICT_APRILTAG_16h5,,,
1779121033553151704,2026-05-19T00:17:13.553+08:00,online_diagnostic,[],no_decode,,,[],30,0,DICT_APRILTAG_16h5,,,
1779121036674309624,2026-05-19T00:17:16.674+08:00,online_diagnostic,[],no_decode,,,[],32,0,DICT_APRILTAG_16h5,,,
1779121039683865752,2026-05-19T00:17:19.683+08:00,online_diagnostic,[],no_decode,,,[],19,0,DICT_APRILTAG_16h5,,,
1779121042853906680,2026-05-19T00:17:22.853+08:00,online_diagnostic,[],no_decode,,,[],6,0,DICT_APRILTAG_16h5,,,
1779121045998856952,2026-05-19T00:17:25.998+08:00,online_diagnostic,[],no_decode,,,[],14,0,DICT_APRILTAG_16h5,,,
1779121049010349464,2026-05-19T00:17:29.010+08:00,online_diagnostic,[],no_decode,,,[],8,0,DICT_APRILTAG_16h5,,,
1779121052254306680,2026-05-19T00:17:32.254+08:00,online_diagnostic,[],no_decode,,,[],17,0,DICT_APRILTAG_16h5,,,
1779121055401946392,2026-05-19T00:17:35.401+08:00,online_diagnostic,[],no_decode,,,[],9,0,DICT_APRILTAG_16h5,,,
1779121058422779992,2026-05-19T00:17:38.422+08:00,online_diagnostic,[],no_decode,,,[],7,0,DICT_APRILTAG_16h5,,,
1779121061486238072,2026-05-19T00:17:41.486+08:00,online_diagnostic,[],no_decode,,,[],20,0,DICT_APRILTAG_16h5,,,
1779121064503184312,2026-05-19T00:17:44.503+08:00,online_diagnostic,[],no_decode,,,[],11,0,DICT_APRILTAG_16h5,,,
1779121067573362808,2026-05-19T00:17:47.573+08:00,online_diagnostic,[],no_decode,,,[],8,0,DICT_APRILTAG_16h5,,,
1779121070581301240,2026-05-19T00:17:50.581+08:00,online_diagnostic,[],no_decode,,,[],18,0,DICT_APRILTAG_16h5,,,
1779121073750635896,2026-05-19T00:17:53.750+08:00,online_diagnostic,[],no_decode,,,[],11,0,DICT_APRILTAG_16h5,,,
1779121076900567256,2026-05-19T00:17:56.900+08:00,online_diagnostic,[],no_decode,,,[],16,0,DICT_APRILTAG_16h5,,,
1779121080002594648,2026-05-19T00:18:00.002+08:00,online_diagnostic,[],no_decode,,,[],21,0,DICT_APRILTAG_16h5,,,
1779121083041355288,2026-05-19T00:18:03.041+08:00,online_diagnostic,[],no_decode,,,[],18,0,DICT_APRILTAG_16h5,,,
1779121086083476984,2026-05-19T00:18:06.083+08:00,online_diagnostic,[],no_decode,,,[],23,0,DICT_APRILTAG_16h5,,,
1779121089171490840,2026-05-19T00:18:09.171+08:00,online_diagnostic,[],no_decode,,,[],12,0,DICT_APRILTAG_16h5,,,
1779121092350580376,2026-05-19T00:18:12.350+08:00,online_diagnostic,[],no_decode,,,[],10,0,DICT_APRILTAG_16h5,,,
1779121095497166936,2026-05-19T00:18:15.497+08:00,online_diagnostic,[],no_decode,,,[],6,0,DICT_APRILTAG_16h5,,,
1779121098635701112,2026-05-19T00:18:18.635+08:00,online_diagnostic,[],no_decode,,,[],9,0,DICT_APRILTAG_16h5,,,
1779121101691324248,2026-05-19T00:18:21.691+08:00,online_diagnostic,[],no_decode,,,[],17,0,DICT_APRILTAG_16h5,,,
1779121104874932536,2026-05-19T00:18:24.874+08:00,online_diagnostic,[],no_decode,,,[],15,0,DICT_APRILTAG_16h5,,,
1779121108027370936,2026-05-19T00:18:28.027+08:00,online_diagnostic,[],no_decode,,,[],14,0,DICT_APRILTAG_16h5,,,
1779121111260949880,2026-05-19T00:18:31.260+08:00,online_diagnostic,[],no_decode,,,[],35,0,DICT_APRILTAG_16h5,,,
1779121114539790744,2026-05-19T00:18:34.539+08:00,online_diagnostic,[],no_decode,,,[],47,0,DICT_APRILTAG_16h5,,,
1779121117579731768,2026-05-19T00:18:37.579+08:00,online_diagnostic,[],no_decode,,,[],46,0,DICT_APRILTAG_16h5,,,
1779121120597825688,2026-05-19T00:18:40.597+08:00,online_diagnostic,[],no_decode,,,[],52,0,DICT_APRILTAG_16h5,,,
1779121123757071768,2026-05-19T00:18:43.757+08:00,online_diagnostic,[],no_decode,,,[],49,0,DICT_APRILTAG_16h5,,,
1779121126968709176,2026-05-19T00:18:46.968+08:00,online_diagnostic,[],no_decode,,,[],50,0,DICT_APRILTAG_16h5,,,
1779121129995412696,2026-05-19T00:18:49.995+08:00,online_diagnostic,[],no_decode,,,[],40,0,DICT_APRILTAG_16h5,,,
1779121133026672728,2026-05-19T00:18:53.026+08:00,online_diagnostic,[],no_decode,,,[],16,0,DICT_APRILTAG_16h5,,,
1779121136058540024,2026-05-19T00:18:56.058+08:00,online_diagnostic,[],no_decode,,,[],17,0,DICT_APRILTAG_16h5,,,
1779121139333348664,2026-05-19T00:18:59.333+08:00,online_diagnostic,[],no_decode,,,[],15,0,DICT_APRILTAG_16h5,,,
1779121142483255576,2026-05-19T00:19:02.483+08:00,online_diagnostic,[],no_decode,,,[],16,0,DICT_APRILTAG_16h5,,,
1779121145739510520,2026-05-19T00:19:05.739+08:00,online_diagnostic,[],no_decode,,,[],16,0,DICT_APRILTAG_16h5,,,
1779121149034572728,2026-05-19T00:19:09.034+08:00,online_diagnostic,[],no_decode,,,[],19,0,DICT_APRILTAG_16h5,,,
1779121152321839672,2026-05-19T00:19:12.321+08:00,online_diagnostic,[],no_decode,,,[],12,0,DICT_APRILTAG_16h5,,,
1779121155581286392,2026-05-19T00:19:15.581+08:00,online_diagnostic,[],no_decode,,,[],21,0,DICT_APRILTAG_16h5,,,
1779121158817665976,2026-05-19T00:19:18.817+08:00,online_diagnostic,[],no_decode,,,[],15,0,DICT_APRILTAG_16h5,,,
1779121162102529976,2026-05-19T00:19:22.102+08:00,online_diagnostic,[],no_decode,,,[],27,0,DICT_APRILTAG_16h5,,,
1779121165235643032,2026-05-19T00:19:25.235+08:00,online_diagnostic,[],no_decode,,,[],21,0,DICT_APRILTAG_16h5,,,
1779121168487010552,2026-05-19T00:19:28.487+08:00,online_diagnostic,[],no_decode,,,[],20,0,DICT_APRILTAG_16h5,,,
1779121171800431384,2026-05-19T00:19:31.800+08:00,online_diagnostic,[],no_decode,,,[],18,0,DICT_APRILTAG_16h5,,,
1779121175004736184,2026-05-19T00:19:35.004+08:00,online_diagnostic,[],no_decode,,,[],12,0,DICT_APRILTAG_16h5,,,
1779121178271314040,2026-05-19T00:19:38.271+08:00,online_diagnostic,[],no_decode,,,[],12,0,DICT_APRILTAG_16h5,,,
1779121218704680920,2026-05-19T00:20:18.704+08:00,online_diagnostic,[],no_decode,,,[],30,0,DICT_APRILTAG_16h5,,,
1779121221796153656,2026-05-19T00:20:21.796+08:00,online_diagnostic,[18],decoded,,,[],27,0,DICT_APRILTAG_16h5,,,
1779121224831524984,2026-05-19T00:20:24.831+08:00,online_diagnostic,[18],decoded,,,[],29,0,DICT_APRILTAG_16h5,,,
1779121228082687960,2026-05-19T00:20:28.082+08:00,online_diagnostic,[18],decoded,,,[],36,0,DICT_APRILTAG_16h5,,,
1779121228208136312,2026-05-19T00:20:28.208+08:00,fused_map,[18],fused_world_position,"[-0.08377091225756832, -0.030777083624055325, 0.9394352157305602]",,,,,,,,
1779121230203781208,2026-05-19T00:20:30.203+08:00,fused_map,[18],fused_world_position,"[-0.08730172937548343, -0.034855040866594106, 0.9423589444248281]",,,,,,,,
1779121231102338936,2026-05-19T00:20:31.102+08:00,online_diagnostic,[18],decoded,,,[],48,0,DICT_APRILTAG_16h5,,,
1779121232204311192,2026-05-19T00:20:32.204+08:00,fused_map,[18],fused_world_position,"[-0.09982198900513864, -0.04520764183529834, 0.9443067566538762]",,,,,,,,
1779121233204353560,2026-05-19T00:20:33.204+08:00,fused_map,[18],fused_world_position,"[-0.11385719182297817, -0.05721136213609405, 0.9474027832967498]",,,,,,,,
1779121234157931992,2026-05-19T00:20:34.157+08:00,online_diagnostic,[18],decoded,,,[],58,0,DICT_APRILTAG_16h5,,,
1779121235204789144,2026-05-19T00:20:35.204+08:00,fused_map,[18],fused_world_position,"[-0.13278227017632388, -0.06231844168705694, 0.9458631625037157]",,,,,,,,
1779121237204610104,2026-05-19T00:20:37.204+08:00,fused_map,[18],fused_world_position,"[-0.15440131287779754, -0.06529949216072391, 0.9492657962911147]",,,,,,,,
1779121237399054008,2026-05-19T00:20:37.399+08:00,online_diagnostic,[],no_decode,,,[],28,0,DICT_APRILTAG_16h5,,,
1779121239204421336,2026-05-19T00:20:39.204+08:00,fused_map,[18],fused_world_position,"[-0.1505374064428573, -0.056237394660189004, 0.9517807330147126]",,,,,,,,
1779121240204531704,2026-05-19T00:20:40.204+08:00,fused_map,[18],fused_world_position,"[-0.15238052966013654, -0.05544423539460816, 0.9575609032506693]",,,,,,,,
1779121240560285432,2026-05-19T00:20:40.560+08:00,online_diagnostic,[18],decoded,,,[],32,0,DICT_APRILTAG_16h5,,,
1779121241204978520,2026-05-19T00:20:41.204+08:00,fused_map,[18],fused_world_position,"[-0.14871402341946083, -0.05652279688692518, 0.9595382848956703]",,,,,,,,
1779121243566208024,2026-05-19T00:20:43.566+08:00,online_diagnostic,[],no_decode,,,[],18,0,DICT_APRILTAG_16h5,,,
1779121246616622072,2026-05-19T00:20:46.616+08:00,online_diagnostic,[],no_decode,,,[],26,0,DICT_APRILTAG_16h5,,,
1779121249708166200,2026-05-19T00:20:49.708+08:00,online_diagnostic,[],no_decode,,,[],23,0,DICT_APRILTAG_16h5,,,
1779121252850629816,2026-05-19T00:20:52.850+08:00,online_diagnostic,[],no_decode,,,[],17,0,DICT_APRILTAG_16h5,,,
1779121256054262904,2026-05-19T00:20:56.054+08:00,online_diagnostic,[],no_decode,,,[],15,0,DICT_APRILTAG_16h5,,,
1779121259062601720,2026-05-19T00:20:59.062+08:00,online_diagnostic,[],no_decode,,,[],25,0,DICT_APRILTAG_16h5,,,
1779121262142814648,2026-05-19T00:21:02.142+08:00,online_diagnostic,[],no_decode,,,[],25,0,DICT_APRILTAG_16h5,,,
1779121265338041208,2026-05-19T00:21:05.338+08:00,online_diagnostic,[],no_decode,,,[],13,0,DICT_APRILTAG_16h5,,,
1779121268506965560,2026-05-19T00:21:08.506+08:00,online_diagnostic,[],no_decode,,,[],14,0,DICT_APRILTAG_16h5,,,
1779121271548042328,2026-05-19T00:21:11.548+08:00,online_diagnostic,[],no_decode,,,[],13,0,DICT_APRILTAG_16h5,,,
1779121274641336568,2026-05-19T00:21:14.641+08:00,online_diagnostic,[],no_decode,,,[],24,0,DICT_APRILTAG_16h5,,,
1779121277772589752,2026-05-19T00:21:17.772+08:00,online_diagnostic,[],no_decode,,,[],15,0,DICT_APRILTAG_16h5,,,
1779121281107292344,2026-05-19T00:21:21.107+08:00,online_diagnostic,[],no_decode,,,[],11,0,DICT_APRILTAG_16h5,,,
1779121284177626232,2026-05-19T00:21:24.177+08:00,online_diagnostic,[],no_decode,,,[],18,0,DICT_APRILTAG_16h5,,,
1779121287333419160,2026-05-19T00:21:27.333+08:00,online_diagnostic,[],no_decode,,,[],7,0,DICT_APRILTAG_16h5,,,
1779121290438586712,2026-05-19T00:21:30.438+08:00,online_diagnostic,[],no_decode,,,[],13,0,DICT_APRILTAG_16h5,,,
1779121293483191896,2026-05-19T00:21:33.483+08:00,online_diagnostic,[],no_decode,,,[],13,0,DICT_APRILTAG_16h5,,,
1779121296717141816,2026-05-19T00:21:36.717+08:00,online_diagnostic,[],no_decode,,,[],4,0,DICT_APRILTAG_16h5,,,
1779121299857487928,2026-05-19T00:21:39.857+08:00,online_diagnostic,[],no_decode,,,[],7,0,DICT_APRILTAG_16h5,,,
1779121303165856504,2026-05-19T00:21:43.165+08:00,online_diagnostic,[],no_decode,,,[],10,0,DICT_APRILTAG_16h5,,,
1779121306390590840,2026-05-19T00:21:46.390+08:00,online_diagnostic,[],no_decode,,,[],15,0,DICT_APRILTAG_16h5,,,
1779121309554461496,2026-05-19T00:21:49.554+08:00,online_diagnostic,[],no_decode,,,[],13,0,DICT_APRILTAG_16h5,,,
1779121312586901752,2026-05-19T00:21:52.586+08:00,online_diagnostic,[],no_decode,,,[],30,0,DICT_APRILTAG_16h5,,,
1779121315831318872,2026-05-19T00:21:55.831+08:00,online_diagnostic,[],no_decode,,,[],18,0,DICT_APRILTAG_16h5,,,
1779121319125424216,2026-05-19T00:21:59.125+08:00,online_diagnostic,[],no_decode,,,[],10,0,DICT_APRILTAG_16h5,,,
1779121322392068280,2026-05-19T00:22:02.392+08:00,online_diagnostic,[],no_decode,,,[],16,0,DICT_APRILTAG_16h5,,,
1779121325404647128,2026-05-19T00:22:05.404+08:00,online_diagnostic,[],no_decode,,,[],21,0,DICT_APRILTAG_16h5,,,
1779121328410910296,2026-05-19T00:22:08.410+08:00,online_diagnostic,[],no_decode,,,[],29,0,DICT_APRILTAG_16h5,,,
1779121331425229400,2026-05-19T00:22:11.425+08:00,online_diagnostic,[],no_decode,,,[],36,0,DICT_APRILTAG_16h5,,,
1779121334435206392,2026-05-19T00:22:14.435+08:00,online_diagnostic,[],no_decode,,,[],25,0,DICT_APRILTAG_16h5,,,
1779121337468678776,2026-05-19T00:22:17.468+08:00,online_diagnostic,[],no_decode,,,[],12,0,DICT_APRILTAG_16h5,,,
1779121340689743576,2026-05-19T00:22:20.689+08:00,online_diagnostic,[],no_decode,,,[],10,0,DICT_APRILTAG_16h5,,,
1779121343977726168,2026-05-19T00:22:23.977+08:00,online_diagnostic,[],no_decode,,,[],20,0,DICT_APRILTAG_16h5,,,
1779121347039249432,2026-05-19T00:22:27.039+08:00,online_diagnostic,[],no_decode,,,[],13,0,DICT_APRILTAG_16h5,,,
1779121350309693880,2026-05-19T00:22:30.309+08:00,online_diagnostic,[],no_decode,,,[],11,0,DICT_APRILTAG_16h5,,,
1779121353342297112,2026-05-19T00:22:33.342+08:00,online_diagnostic,[],no_decode,,,[],20,0,DICT_APRILTAG_16h5,,,
1779121356374626104,2026-05-19T00:22:36.374+08:00,online_diagnostic,[],no_decode,,,[],14,0,DICT_APRILTAG_16h5,,,
1779121359489785976,2026-05-19T00:22:39.489+08:00,online_diagnostic,[],no_decode,,,[],22,0,DICT_APRILTAG_16h5,,,
1779121362602410072,2026-05-19T00:22:42.602+08:00,online_diagnostic,[],no_decode,,,[],10,0,DICT_APRILTAG_16h5,,,
1779121365740394488,2026-05-19T00:22:45.740+08:00,online_diagnostic,[],no_decode,,,[],18,0,DICT_APRILTAG_16h5,,,
1779121368797193560,2026-05-19T00:22:48.797+08:00,online_diagnostic,[],no_decode,,,[],13,0,DICT_APRILTAG_16h5,,,
1779121371795711864,2026-05-19T00:22:51.795+08:00,online_diagnostic,[],no_decode,,,[],30,0,DICT_APRILTAG_16h5,,,
1779121375092807224,2026-05-19T00:22:55.092+08:00,online_diagnostic,[],no_decode,,,[],24,0,DICT_APRILTAG_16h5,,,
1779121378189545816,2026-05-19T00:22:58.189+08:00,online_diagnostic,[],no_decode,,,[],23,0,DICT_APRILTAG_16h5,,,
1779121381313809880,2026-05-19T00:23:01.313+08:00,online_diagnostic,[],no_decode,,,[],33,0,DICT_APRILTAG_16h5,,,
1779121384318612664,2026-05-19T00:23:04.318+08:00,online_diagnostic,[],no_decode,,,[],24,0,DICT_APRILTAG_16h5,,,
1779121387347736696,2026-05-19T00:23:07.347+08:00,online_diagnostic,[],no_decode,,,[],25,0,DICT_APRILTAG_16h5,,,
1779121390365942360,2026-05-19T00:23:10.365+08:00,online_diagnostic,[],no_decode,,,[],10,0,DICT_APRILTAG_16h5,,,
1779121393435118488,2026-05-19T00:23:13.435+08:00,online_diagnostic,[],no_decode,,,[],19,0,DICT_APRILTAG_16h5,,,
1779121396557392440,2026-05-19T00:23:16.557+08:00,online_diagnostic,[],no_decode,,,[],5,0,DICT_APRILTAG_16h5,,,
1779121399647803352,2026-05-19T00:23:19.647+08:00,online_diagnostic,[],no_decode,,,[],6,0,DICT_APRILTAG_16h5,,,
1779121402764014040,2026-05-19T00:23:22.764+08:00,online_diagnostic,[],no_decode,,,[],19,0,DICT_APRILTAG_16h5,,,
1779121405788077976,2026-05-19T00:23:25.788+08:00,online_diagnostic,[],no_decode,,,[],20,0,DICT_APRILTAG_16h5,,,
1779121408998192984,2026-05-19T00:23:28.998+08:00,online_diagnostic,[],no_decode,,,[],18,0,DICT_APRILTAG_16h5,,,
1779121412170957144,2026-05-19T00:23:32.170+08:00,online_diagnostic,[],no_decode,,,[],7,0,DICT_APRILTAG_16h5,,,
1779121415249624984,2026-05-19T00:23:35.249+08:00,online_diagnostic,[],no_decode,,,[],15,0,DICT_APRILTAG_16h5,,,
1779121418317704952,2026-05-19T00:23:38.317+08:00,online_diagnostic,[],no_decode,,,[],23,0,DICT_APRILTAG_16h5,,,
1779121421357217208,2026-05-19T00:23:41.357+08:00,online_diagnostic,[],no_decode,,,[],35,0,DICT_APRILTAG_16h5,,,
1779121424562349912,2026-05-19T00:23:44.562+08:00,online_diagnostic,[],no_decode,,,[],32,0,DICT_APRILTAG_16h5,,,
1779121427681816984,2026-05-19T00:23:47.681+08:00,online_diagnostic,[],no_decode,,,[],34,0,DICT_APRILTAG_16h5,,,
1779121430875108952,2026-05-19T00:23:50.875+08:00,online_diagnostic,[],no_decode,,,[],34,0,DICT_APRILTAG_16h5,,,
1779121433880728792,2026-05-19T00:23:53.880+08:00,online_diagnostic,[],no_decode,,,[],32,0,DICT_APRILTAG_16h5,,,
1779121437050959608,2026-05-19T00:23:57.050+08:00,online_diagnostic,[],no_decode,,,[],34,0,DICT_APRILTAG_16h5,,,
1779121440166271576,2026-05-19T00:24:00.166+08:00,online_diagnostic,[],no_decode,,,[],30,0,DICT_APRILTAG_16h5,,,
1779121443324134904,2026-05-19T00:24:03.324+08:00,online_diagnostic,[],no_decode,,,[],29,0,DICT_APRILTAG_16h5,,,
1779121446453096664,2026-05-19T00:24:06.453+08:00,online_diagnostic,[],no_decode,,,[],36,0,DICT_APRILTAG_16h5,,,
1779121449496082360,2026-05-19T00:24:09.496+08:00,online_diagnostic,[],no_decode,,,[],24,0,DICT_APRILTAG_16h5,,,
1779121452657985432,2026-05-19T00:24:12.657+08:00,online_diagnostic,[],no_decode,,,[],23,0,DICT_APRILTAG_16h5,,,
1779121455736338392,2026-05-19T00:24:15.736+08:00,online_diagnostic,[],no_decode,,,[],24,0,DICT_APRILTAG_16h5,,,
1779121458754011160,2026-05-19T00:24:18.754+08:00,online_diagnostic,[],no_decode,,,[],24,0,DICT_APRILTAG_16h5,,,
1779121461831213208,2026-05-19T00:24:21.831+08:00,online_diagnostic,[],no_decode,,,[],23,0,DICT_APRILTAG_16h5,,,
1779121464903549464,2026-05-19T00:24:24.903+08:00,online_diagnostic,[],no_decode,,,[],15,0,DICT_APRILTAG_16h5,,,
1779121468086188344,2026-05-19T00:24:28.086+08:00,online_diagnostic,[],no_decode,,,[],21,0,DICT_APRILTAG_16h5,,,
1779121471248285112,2026-05-19T00:24:31.248+08:00,online_diagnostic,[],no_decode,,,[],22,0,DICT_APRILTAG_16h5,,,
1779121474257658776,2026-05-19T00:24:34.257+08:00,online_diagnostic,[],no_decode,,,[],13,0,DICT_APRILTAG_16h5,,,
1779121477444174680,2026-05-19T00:24:37.444+08:00,online_diagnostic,[],no_decode,,,[],19,0,DICT_APRILTAG_16h5,,,
1779121480481481560,2026-05-19T00:24:40.481+08:00,online_diagnostic,[],no_decode,,,[],24,0,DICT_APRILTAG_16h5,,,
1779121483562243768,2026-05-19T00:24:43.562+08:00,online_diagnostic,[],no_decode,,,[],15,0,DICT_APRILTAG_16h5,,,
1779121486730641656,2026-05-19T00:24:46.730+08:00,online_diagnostic,[],no_decode,,,[],22,0,DICT_APRILTAG_16h5,,,
1779121489857148984,2026-05-19T00:24:49.857+08:00,online_diagnostic,[],no_decode,,,[],28,0,DICT_APRILTAG_16h5,,,
1779121493011372344,2026-05-19T00:24:53.011+08:00,online_diagnostic,[],no_decode,,,[],23,0,DICT_APRILTAG_16h5,,,
1779121530725747608,2026-05-19T00:25:30.725+08:00,online_diagnostic,[18],decoded,,,[],25,0,DICT_APRILTAG_16h5,,,
1779121533979881720,2026-05-19T00:25:33.979+08:00,online_diagnostic,[18],decoded,,,[],30,0,DICT_APRILTAG_16h5,,,
1779121537240444248,2026-05-19T00:25:37.240+08:00,online_diagnostic,[18],decoded,,,[],41,0,DICT_APRILTAG_16h5,,,
1779121540249646936,2026-05-19T00:25:40.249+08:00,online_diagnostic,[18],decoded,,,[],41,0,DICT_APRILTAG_16h5,,,
1779121543288499128,2026-05-19T00:25:43.288+08:00,online_diagnostic,[18],decoded,,,[],32,0,DICT_APRILTAG_16h5,,,
1779121545550464568,2026-05-19T00:25:45.550+08:00,fused_map,[18],fused_world_position,"[-0.16180139626289938, 0.026870584203019604, 0.9410051140882588]",,,,,,,,
1779121546429393304,2026-05-19T00:25:46.429+08:00,online_diagnostic,[18],decoded,,,[],43,0,DICT_APRILTAG_16h5,,,
1779121547550209592,2026-05-19T00:25:47.550+08:00,fused_map,[18],fused_world_position,"[-0.16684228010533736, 0.010449302855107779, 0.9402574279037371]",,,,,,,,
1779121549736421176,2026-05-19T00:25:49.736+08:00,online_diagnostic,[18],decoded,,,[],48,0,DICT_APRILTAG_16h5,,,
1779121550550236536,2026-05-19T00:25:50.550+08:00,fused_map,[18],fused_world_position,"[-0.1913795498582731, -0.006017625149544577, 0.9401698918438394]",,,,,,,,
1779121551550545048,2026-05-19T00:25:51.550+08:00,fused_map,[18],fused_world_position,"[-0.2074987574777056, -0.010635675813254822, 0.9425650034953966]",,,,,,,,
1779121552552102008,2026-05-19T00:25:52.552+08:00,fused_map,[18],fused_world_position,"[-0.2148776516954512, -0.02130819475547776, 0.941902438915036]",,,,,,,,
1779121552831252600,2026-05-19T00:25:52.831+08:00,online_diagnostic,[18],decoded,,,[],59,0,DICT_APRILTAG_16h5,,,
1779121554551360152,2026-05-19T00:25:54.551+08:00,fused_map,[18],fused_world_position,"[-0.23510171320935336, -0.02772407797209944, 0.9419652144024139]",,,,,,,,
1779121556017426648,2026-05-19T00:25:56.017+08:00,online_diagnostic,[18],decoded,,,[],28,0,DICT_APRILTAG_16h5,,,
1779121556550345784,2026-05-19T00:25:56.550+08:00,fused_map,[18],fused_world_position,"[-0.2446831262802806, -0.02520113842829782, 0.9447254686966219]",,,,,,,,
1779121557550598968,2026-05-19T00:25:57.550+08:00,fused_map,[18],fused_world_position,"[-0.24628691839111563, -0.010356737083433185, 0.9462105970304917]",,,,,,,,
1779121559121926776,2026-05-19T00:25:59.121+08:00,online_diagnostic,[],no_decode,,,[],16,0,DICT_APRILTAG_16h5,,,
1779121562266979000,2026-05-19T00:26:02.266+08:00,online_diagnostic,[],no_decode,,,[],19,0,DICT_APRILTAG_16h5,,,
1779121565406575352,2026-05-19T00:26:05.406+08:00,online_diagnostic,[],no_decode,,,[],30,0,DICT_APRILTAG_16h5,,,
1779121568601369464,2026-05-19T00:26:08.601+08:00,online_diagnostic,[],no_decode,,,[],21,0,DICT_APRILTAG_16h5,,,
1779121571718916824,2026-05-19T00:26:11.718+08:00,online_diagnostic,[],no_decode,,,[],33,0,DICT_APRILTAG_16h5,,,
1779121574837638168,2026-05-19T00:26:14.837+08:00,online_diagnostic,[],no_decode,,,[],19,0,DICT_APRILTAG_16h5,,,
1779121578081656920,2026-05-19T00:26:18.081+08:00,online_diagnostic,[],no_decode,,,[],24,0,DICT_APRILTAG_16h5,,,
1779121581273826008,2026-05-19T00:26:21.273+08:00,online_diagnostic,[],no_decode,,,[],16,0,DICT_APRILTAG_16h5,,,
1779121584403892984,2026-05-19T00:26:24.403+08:00,online_diagnostic,[],no_decode,,,[],9,0,DICT_APRILTAG_16h5,,,
1779121587526896920,2026-05-19T00:26:27.526+08:00,online_diagnostic,[],no_decode,,,[],8,0,DICT_APRILTAG_16h5,,,
1779121590711204152,2026-05-19T00:26:30.711+08:00,online_diagnostic,[],no_decode,,,[],13,0,DICT_APRILTAG_16h5,,,
1779121593810103448,2026-05-19T00:26:33.810+08:00,online_diagnostic,[],no_decode,,,[],12,0,DICT_APRILTAG_16h5,,,
1779121596997426232,2026-05-19T00:26:36.997+08:00,online_diagnostic,[],no_decode,,,[],8,0,DICT_APRILTAG_16h5,,,
1779121600046444984,2026-05-19T00:26:40.046+08:00,online_diagnostic,[],no_decode,,,[],13,0,DICT_APRILTAG_16h5,,,
1779121603238317016,2026-05-19T00:26:43.238+08:00,online_diagnostic,[],no_decode,,,[],21,0,DICT_APRILTAG_16h5,,,
1779121606300178136,2026-05-19T00:26:46.300+08:00,online_diagnostic,[],no_decode,,,[],11,0,DICT_APRILTAG_16h5,,,
1779121609712252376,2026-05-19T00:26:49.712+08:00,online_diagnostic,[],no_decode,,,[],13,0,DICT_APRILTAG_16h5,,,
1779121612935659128,2026-05-19T00:26:52.935+08:00,online_diagnostic,[],no_decode,,,[],11,0,DICT_APRILTAG_16h5,,,
1779121615939668216,2026-05-19T00:26:55.939+08:00,online_diagnostic,[],no_decode,,,[],11,0,DICT_APRILTAG_16h5,,,
1779121619123235864,2026-05-19T00:26:59.123+08:00,online_diagnostic,[],no_decode,,,[],10,0,DICT_APRILTAG_16h5,,,
1779121622292682744,2026-05-19T00:27:02.292+08:00,online_diagnostic,[],no_decode,,,[],22,0,DICT_APRILTAG_16h5,,,
1779121625300670296,2026-05-19T00:27:05.300+08:00,online_diagnostic,[],no_decode,,,[],18,0,DICT_APRILTAG_16h5,,,
1779121628329484440,2026-05-19T00:27:08.329+08:00,online_diagnostic,[],no_decode,,,[],18,0,DICT_APRILTAG_16h5,,,
1779121631400784376,2026-05-19T00:27:11.400+08:00,online_diagnostic,[],no_decode,,,[],23,0,DICT_APRILTAG_16h5,,,
1779121634433137560,2026-05-19T00:27:14.433+08:00,online_diagnostic,[],no_decode,,,[],21,0,DICT_APRILTAG_16h5,,,
1779121637647225400,2026-05-19T00:27:17.647+08:00,online_diagnostic,[],no_decode,,,[],15,0,DICT_APRILTAG_16h5,,,
1779121640912712088,2026-05-19T00:27:20.912+08:00,online_diagnostic,[],no_decode,,,[],8,0,DICT_APRILTAG_16h5,,,
1779121644076696184,2026-05-19T00:27:24.076+08:00,online_diagnostic,[],no_decode,,,[],30,0,DICT_APRILTAG_16h5,,,
1779121647124008344,2026-05-19T00:27:27.124+08:00,online_diagnostic,[],no_decode,,,[],31,0,DICT_APRILTAG_16h5,,,
1779121650321602616,2026-05-19T00:27:30.321+08:00,online_diagnostic,[],no_decode,,,[],41,0,DICT_APRILTAG_16h5,,,
1779121653339363448,2026-05-19T00:27:33.339+08:00,online_diagnostic,[],no_decode,,,[],13,0,DICT_APRILTAG_16h5,,,
1779121656483410712,2026-05-19T00:27:36.483+08:00,online_diagnostic,[],no_decode,,,[],19,0,DICT_APRILTAG_16h5,,,
1779121659670438104,2026-05-19T00:27:39.670+08:00,online_diagnostic,[],no_decode,,,[],20,0,DICT_APRILTAG_16h5,,,
1779121662745503448,2026-05-19T00:27:42.745+08:00,online_diagnostic,[],no_decode,,,[],20,0,DICT_APRILTAG_16h5,,,
1779121665796015544,2026-05-19T00:27:45.796+08:00,online_diagnostic,[],no_decode,,,[],21,0,DICT_APRILTAG_16h5,,,
1779121668890697464,2026-05-19T00:27:48.890+08:00,online_diagnostic,[],no_decode,,,[],13,0,DICT_APRILTAG_16h5,,,
1779121671954274328,2026-05-19T00:27:51.954+08:00,online_diagnostic,[],no_decode,,,[],34,0,DICT_APRILTAG_16h5,,,
1779121675066801496,2026-05-19T00:27:55.066+08:00,online_diagnostic,[],no_decode,,,[],23,0,DICT_APRILTAG_16h5,,,
1779121678217374456,2026-05-19T00:27:58.217+08:00,online_diagnostic,[],no_decode,,,[],21,0,DICT_APRILTAG_16h5,,,
1779121681521867672,2026-05-19T00:28:01.521+08:00,online_diagnostic,[],no_decode,,,[],22,0,DICT_APRILTAG_16h5,,,
1779121684806201272,2026-05-19T00:28:04.806+08:00,online_diagnostic,[],no_decode,,,[],27,0,DICT_APRILTAG_16h5,,,
1779121688071105112,2026-05-19T00:28:08.071+08:00,online_diagnostic,[],no_decode,,,[],21,0,DICT_APRILTAG_16h5,,,
1779121691343519608,2026-05-19T00:28:11.343+08:00,online_diagnostic,[],no_decode,,,[],9,0,DICT_APRILTAG_16h5,,,
1779121694446020088,2026-05-19T00:28:14.446+08:00,online_diagnostic,[],no_decode,,,[],9,0,DICT_APRILTAG_16h5,,,
1779121697520081496,2026-05-19T00:28:17.520+08:00,online_diagnostic,[],no_decode,,,[],6,0,DICT_APRILTAG_16h5,,,
1779121700762464312,2026-05-19T00:28:20.762+08:00,online_diagnostic,[],no_decode,,,[],12,0,DICT_APRILTAG_16h5,,,
1779121703789978648,2026-05-19T00:28:23.789+08:00,online_diagnostic,[],no_decode,,,[],22,0,DICT_APRILTAG_16h5,,,
1779121706855819224,2026-05-19T00:28:26.855+08:00,online_diagnostic,[],no_decode,,,[],8,0,DICT_APRILTAG_16h5,,,
1779121709928445016,2026-05-19T00:28:29.928+08:00,online_diagnostic,[],no_decode,,,[],20,0,DICT_APRILTAG_16h5,,,
1779121713069297880,2026-05-19T00:28:33.069+08:00,online_diagnostic,[],no_decode,,,[],8,0,DICT_APRILTAG_16h5,,,
1779121716188164696,2026-05-19T00:28:36.188+08:00,online_diagnostic,[],no_decode,,,[],23,0,DICT_APRILTAG_16h5,,,
1779121719221798008,2026-05-19T00:28:39.221+08:00,online_diagnostic,[],no_decode,,,[],37,0,DICT_APRILTAG_16h5,,,
1779121722249881176,2026-05-19T00:28:42.249+08:00,online_diagnostic,[],no_decode,,,[],36,0,DICT_APRILTAG_16h5,,,
1779121725415495192,2026-05-19T00:28:45.415+08:00,online_diagnostic,[],no_decode,,,[],42,0,DICT_APRILTAG_16h5,,,
1779121728514606360,2026-05-19T00:28:48.514+08:00,online_diagnostic,[],no_decode,,,[],35,0,DICT_APRILTAG_16h5,,,
1779121731644803096,2026-05-19T00:28:51.644+08:00,online_diagnostic,[],no_decode,,,[],37,0,DICT_APRILTAG_16h5,,,
1779121734777469656,2026-05-19T00:28:54.777+08:00,online_diagnostic,[],no_decode,,,[],37,0,DICT_APRILTAG_16h5,,,
1779121737799883064,2026-05-19T00:28:57.799+08:00,online_diagnostic,[],no_decode,,,[],39,0,DICT_APRILTAG_16h5,,,
1779121740849678808,2026-05-19T00:29:00.849+08:00,online_diagnostic,[],no_decode,,,[],35,0,DICT_APRILTAG_16h5,,,
1779121743891248184,2026-05-19T00:29:03.891+08:00,online_diagnostic,[],no_decode,,,[],37,0,DICT_APRILTAG_16h5,,,
1779121747051930168,2026-05-19T00:29:07.051+08:00,online_diagnostic,[],no_decode,,,[],27,0,DICT_APRILTAG_16h5,,,
1779121750298638136,2026-05-19T00:29:10.298+08:00,online_diagnostic,[],no_decode,,,[],17,0,DICT_APRILTAG_16h5,,,
1779121753545310264,2026-05-19T00:29:13.545+08:00,online_diagnostic,[],no_decode,,,[],16,0,DICT_APRILTAG_16h5,,,
1779121756558972184,2026-05-19T00:29:16.558+08:00,online_diagnostic,[],no_decode,,,[],22,0,DICT_APRILTAG_16h5,,,
1779121759581933240,2026-05-19T00:29:19.581+08:00,online_diagnostic,[],no_decode,,,[],15,0,DICT_APRILTAG_16h5,,,
1779121762800841688,2026-05-19T00:29:22.800+08:00,online_diagnostic,[],no_decode,,,[],25,0,DICT_APRILTAG_16h5,,,
1779121765951989048,2026-05-19T00:29:25.951+08:00,online_diagnostic,[],no_decode,,,[],31,0,DICT_APRILTAG_16h5,,,
1779121769172868632,2026-05-19T00:29:29.172+08:00,online_diagnostic,[],no_decode,,,[],26,0,DICT_APRILTAG_16h5,,,
1779121772174354360,2026-05-19T00:29:32.174+08:00,online_diagnostic,[],no_decode,,,[],18,0,DICT_APRILTAG_16h5,,,
1779121775371386488,2026-05-19T00:29:35.371+08:00,online_diagnostic,[],no_decode,,,[],18,0,DICT_APRILTAG_16h5,,,
1779121778587618456,2026-05-19T00:29:38.587+08:00,online_diagnostic,[],no_decode,,,[],15,0,DICT_APRILTAG_16h5,,,
1779121781767547544,2026-05-19T00:29:41.767+08:00,online_diagnostic,[],no_decode,,,[],22,0,DICT_APRILTAG_16h5,,,
1779121784994336280,2026-05-19T00:29:44.994+08:00,online_diagnostic,[],no_decode,,,[],21,0,DICT_APRILTAG_16h5,,,
1779121788109253816,2026-05-19T00:29:48.109+08:00,online_diagnostic,[],no_decode,,,[],17,0,DICT_APRILTAG_16h5,,,
1779121791306336888,2026-05-19T00:29:51.306+08:00,online_diagnostic,[],no_decode,,,[],16,0,DICT_APRILTAG_16h5,,,
1779121794453801144,2026-05-19T00:29:54.453+08:00,online_diagnostic,[],no_decode,,,[],18,0,DICT_APRILTAG_16h5,,,
1779121797661728280,2026-05-19T00:29:57.661+08:00,online_diagnostic,[],no_decode,,,[],18,0,DICT_APRILTAG_16h5,,,
1779121800839229176,2026-05-19T00:30:00.839+08:00,online_diagnostic,[],no_decode,,,[],19,0,DICT_APRILTAG_16h5,,,
1779121804145916024,2026-05-19T00:30:04.145+08:00,online_diagnostic,[],no_decode,,,[],21,0,DICT_APRILTAG_16h5,,,
1779121807181597176,2026-05-19T00:30:07.181+08:00,online_diagnostic,[],no_decode,,,[],22,0,DICT_APRILTAG_16h5,,,
1779121810348035704,2026-05-19T00:30:10.348+08:00,online_diagnostic,[],no_decode,,,[],24,0,DICT_APRILTAG_16h5,,,
1779121813418321240,2026-05-19T00:30:13.418+08:00,online_diagnostic,[],no_decode,,,[],20,0,DICT_APRILTAG_16h5,,,
1779121816567802360,2026-05-19T00:30:16.567+08:00,online_diagnostic,[],no_decode,,,[],26,0,DICT_APRILTAG_16h5,,,
1779121819691546520,2026-05-19T00:30:19.691+08:00,online_diagnostic,[],no_decode,,,[],24,0,DICT_APRILTAG_16h5,,,
1779121822789519640,2026-05-19T00:30:22.789+08:00,online_diagnostic,[],no_decode,,,[],17,0,DICT_APRILTAG_16h5,,,
1779121825998177432,2026-05-19T00:30:25.998+08:00,online_diagnostic,[],no_decode,,,[],20,0,DICT_APRILTAG_16h5,,,
1779121829026891512,2026-05-19T00:30:29.026+08:00,online_diagnostic,[],no_decode,,,[],24,0,DICT_APRILTAG_16h5,,,
1779121832367610648,2026-05-19T00:30:32.367+08:00,online_diagnostic,[],no_decode,,,[],13,0,DICT_APRILTAG_16h5,,,
1779121835495708344,2026-05-19T00:30:35.495+08:00,online_diagnostic,[],no_decode,,,[],19,0,DICT_APRILTAG_16h5,,,
1779121838702169048,2026-05-19T00:30:38.702+08:00,online_diagnostic,[],no_decode,,,[],14,0,DICT_APRILTAG_16h5,,,
1779121841879688056,2026-05-19T00:30:41.879+08:00,online_diagnostic,[],no_decode,,,[],19,0,DICT_APRILTAG_16h5,,,
1779121845133904440,2026-05-19T00:30:45.133+08:00,online_diagnostic,[],no_decode,,,[],16,0,DICT_APRILTAG_16h5,,,
1779121848382004888,2026-05-19T00:30:48.382+08:00,online_diagnostic,[],no_decode,,,[],16,0,DICT_APRILTAG_16h5,,,
1779121851477678520,2026-05-19T00:30:51.477+08:00,online_diagnostic,[],no_decode,,,[],15,0,DICT_APRILTAG_16h5,,,
1779121854706361464,2026-05-19T00:30:54.706+08:00,online_diagnostic,[],no_decode,,,[],25,0,DICT_APRILTAG_16h5,,,
1779121857764454776,2026-05-19T00:30:57.764+08:00,online_diagnostic,[],no_decode,,,[],18,0,DICT_APRILTAG_16h5,,,
1779121860946796184,2026-05-19T00:31:00.946+08:00,online_diagnostic,[],no_decode,,,[],22,0,DICT_APRILTAG_16h5,,,
1779121864007566584,2026-05-19T00:31:04.007+08:00,online_diagnostic,[],no_decode,,,[],19,0,DICT_APRILTAG_16h5,,,
1779121867139995704,2026-05-19T00:31:07.139+08:00,online_diagnostic,[],no_decode,,,[],21,0,DICT_APRILTAG_16h5,,,
1779121870229515544,2026-05-19T00:31:10.229+08:00,online_diagnostic,[],no_decode,,,[],18,0,DICT_APRILTAG_16h5,,,
1779121873266167256,2026-05-19T00:31:13.266+08:00,online_diagnostic,[],no_decode,,,[],27,0,DICT_APRILTAG_16h5,,,
1779121876297925592,2026-05-19T00:31:16.297+08:00,online_diagnostic,[],no_decode,,,[],15,0,DICT_APRILTAG_16h5,,,
1779121879311180920,2026-05-19T00:31:19.311+08:00,online_diagnostic,[],no_decode,,,[],24,0,DICT_APRILTAG_16h5,,,
1779121882598974488,2026-05-19T00:31:22.598+08:00,online_diagnostic,[],no_decode,,,[],15,0,DICT_APRILTAG_16h5,,,
1779121885615680152,2026-05-19T00:31:25.615+08:00,online_diagnostic,[],no_decode,,,[],27,0,DICT_APRILTAG_16h5,,,
1779121888718885816,2026-05-19T00:31:28.718+08:00,online_diagnostic,[],no_decode,,,[],23,0,DICT_APRILTAG_16h5,,,
1779121891956158424,2026-05-19T00:31:31.956+08:00,online_diagnostic,[],no_decode,,,[],24,0,DICT_APRILTAG_16h5,,,
1779121895229405400,2026-05-19T00:31:35.229+08:00,online_diagnostic,[],no_decode,,,[],29,0,DICT_APRILTAG_16h5,,,
1779121898426221688,2026-05-19T00:31:38.426+08:00,online_diagnostic,[],no_decode,,,[],30,0,DICT_APRILTAG_16h5,,,
1779121901578882904,2026-05-19T00:31:41.578+08:00,online_diagnostic,[],no_decode,,,[],12,0,DICT_APRILTAG_16h5,,,
1779121904686721848,2026-05-19T00:31:44.686+08:00,online_diagnostic,[],no_decode,,,[],8,0,DICT_APRILTAG_16h5,,,
1779121907748886904,2026-05-19T00:31:47.748+08:00,online_diagnostic,[],no_decode,,,[],33,0,DICT_APRILTAG_16h5,,,
1779121910783078520,2026-05-19T00:31:50.783+08:00,online_diagnostic,[],no_decode,,,[],14,0,DICT_APRILTAG_16h5,,,
1779121913902424984,2026-05-19T00:31:53.902+08:00,online_diagnostic,[],no_decode,,,[],25,0,DICT_APRILTAG_16h5,,,
1779121916982679096,2026-05-19T00:31:56.982+08:00,online_diagnostic,[],no_decode,,,[],23,0,DICT_APRILTAG_16h5,,,
1779121920169318840,2026-05-19T00:32:00.169+08:00,online_diagnostic,[],no_decode,,,[],5,0,DICT_APRILTAG_16h5,,,
1779121923283256056,2026-05-19T00:32:03.283+08:00,online_diagnostic,[],no_decode,,,[],15,0,DICT_APRILTAG_16h5,,,
1779121926541487224,2026-05-19T00:32:06.541+08:00,online_diagnostic,[],no_decode,,,[],18,0,DICT_APRILTAG_16h5,,,
1779121929660464568,2026-05-19T00:32:09.660+08:00,online_diagnostic,[],no_decode,,,[],12,0,DICT_APRILTAG_16h5,,,
1779121932730882680,2026-05-19T00:32:12.730+08:00,online_diagnostic,[],no_decode,,,[],26,0,DICT_APRILTAG_16h5,,,
1779121935798183864,2026-05-19T00:32:15.798+08:00,online_diagnostic,[],no_decode,,,[],25,0,DICT_APRILTAG_16h5,,,
1779121939080238648,2026-05-19T00:32:19.080+08:00,online_diagnostic,[],no_decode,,,[],11,0,DICT_APRILTAG_16h5,,,
1779121942298526648,2026-05-19T00:32:22.298+08:00,online_diagnostic,[],no_decode,,,[],10,0,DICT_APRILTAG_16h5,,,
1779121945326243480,2026-05-19T00:32:25.326+08:00,online_diagnostic,[],no_decode,,,[],16,0,DICT_APRILTAG_16h5,,,
1779121948363686680,2026-05-19T00:32:28.363+08:00,online_diagnostic,[],no_decode,,,[],23,0,DICT_APRILTAG_16h5,,,
1779121951466948824,2026-05-19T00:32:31.466+08:00,online_diagnostic,[],no_decode,,,[],6,0,DICT_APRILTAG_16h5,,,
1779121954615957848,2026-05-19T00:32:34.615+08:00,online_diagnostic,[],no_decode,,,[],17,0,DICT_APRILTAG_16h5,,,
1779121957630572952,2026-05-19T00:32:37.630+08:00,online_diagnostic,[],no_decode,,,[],6,0,DICT_APRILTAG_16h5,,,
1779121960664355800,2026-05-19T00:32:40.664+08:00,online_diagnostic,[],no_decode,,,[],0,0,DICT_APRILTAG_16h5,,,
1779121963833588888,2026-05-19T00:32:43.833+08:00,online_diagnostic,[],no_decode,,,[],18,0,DICT_APRILTAG_16h5,,,
1779121967081969400,2026-05-19T00:32:47.081+08:00,online_diagnostic,[],no_decode,,,[],1,0,DICT_APRILTAG_16h5,,,
1779121970298063320,2026-05-19T00:32:50.298+08:00,online_diagnostic,[],no_decode,,,[],6,0,DICT_APRILTAG_16h5,,,
1779121973566415864,2026-05-19T00:32:53.566+08:00,online_diagnostic,[],no_decode,,,[],11,0,DICT_APRILTAG_16h5,,,
1779121976741531064,2026-05-19T00:32:56.741+08:00,online_diagnostic,[],no_decode,,,[],17,0,DICT_APRILTAG_16h5,,,
1779121979800171960,2026-05-19T00:32:59.800+08:00,online_diagnostic,[],no_decode,,,[],18,0,DICT_APRILTAG_16h5,,,
1779121982819587000,2026-05-19T00:33:02.819+08:00,online_diagnostic,[],no_decode,,,[],9,0,DICT_APRILTAG_16h5,,,
1779121986013443352,2026-05-19T00:33:06.013+08:00,online_diagnostic,[],no_decode,,,[],16,0,DICT_APRILTAG_16h5,,,
