cell_id,label,class_id,center,position,source,label_source,final_selected,visited,accepted_observations,covariance
0,round_cone,1,"[1.9, -2.21, 1.0]","[1.7599005037739108, -2.1551826194901222, 0.7222743040521099]",vision,task_result_log,True,False,42,"[[0.00016947967179283647, 0.0, 0.0], [0.0, 0.00016947967179283647, 0.0], [0.0, 0.0, 0.000245324001557693]]"
1,,,"[1.9, -1.41, 1.0]",,none,,False,True,0,
2,round_cone,1,"[1.9, -0.61, 1.0]","[1.6988236904144287, -0.5352022647857666, 0.7323572635650635]",vision,,False,True,1,"[[0.0012250000000000002, 0.0, 0.0], [0.0, 0.0012250000000000002, 0.0], [0.0, 0.0, 0.0024500000000000004]]"
3,square_cone,0,"[1.1, -2.21, 1.0]","[0.9696844372277256, -2.0652642090816014, 0.7086226100008773]",vision,,False,True,11,"[[0.0004141702814043785, 0.0, 0.0], [0.0, 0.0004141702814043785, 0.0], [0.0, 0.0, 0.0007272550004379453]]"
4,,,"[1.1, -1.41, 1.0]",,none,,False,True,0,
5,round_cone,1,"[1.1, -0.61, 1.0]","[1.002778597763217, -0.6923227161352796, 0.7102252776155219]",vision,task_result_log,True,True,55,"[[0.00016289299577252917, 0.0, 0.0], [0.0, 0.00016289299577252917, 0.0], [0.0, 0.0, 0.00023876031551670334]]"
6,square_cone,0,"[0.30000000000000016, -2.21, 1.0]","[0.19767191141861962, -1.8156312871898053, 0.7098939730937722]",vision,task_result_log,True,True,5,"[[0.00029540765123666813, 0.0, 0.0], [0.0, 0.00029540765123666813, 0.0], [0.0, 0.0, 0.0005438806110818283]]"
7,square_cone,0,"[0.30000000000000016, -1.41, 1.0]","[0.1829220567875504, -1.7900087176694741, 0.7155723935679026]",vision,task_result_log,True,True,76,"[[0.00024309498587339506, 0.0, 0.0], [0.0, 0.00024309498587339506, 0.0], [0.0, 0.0, 0.0003482867793546818]]"
8,,,"[0.30000000000000016, -0.61, 1.0]",,none,,False,True,0,
