timestamp_ns,source_stamp_ns,time_local,run,task,message
1779120852010349688,1779120852009430296,2026-05-19T00:14:12.010+08:00,0,,启动配置：MCU原点重置=True，心跳发布器已创建=True，频率=15Hz，arm_mode=1；等待START成功后才发送心跳
1779120854987019896,1779120854985735992,2026-05-19T00:14:14.987+08:00,0,,比赛目标元数据：turntable
1779120855022578392,1779120855021790168,2026-05-19T00:14:15.022+08:00,0,,TaskRunner 节点已启动
1779120855023480792,1779120855022378680,2026-05-19T00:14:15.023+08:00,0,,调试模式：False
1779120855040289976,1779120855039434552,2026-05-19T00:14:15.040+08:00,0,,已从 /home/nvidia/YouLong_AUV_Control_System/workspace_auv/src/uv_task/config/missions/mapping_grid.json 加载 2 个任务
1779120855042271352,1779120855041801880,2026-05-19T00:14:15.042+08:00,0,,已自动启动任务列表（共 2 个任务）
1779120855043055768,1779120855042660856,2026-05-19T00:14:15.043+08:00,1,,=== 任务列表开始执行（共 2 个任务）===
1779120855045256728,1779120855044857560,2026-05-19T00:14:15.045+08:00,1,start,"[1/2] start 参数={'skip_preparation': True} | 指令位姿=(0.00, 0.00, 0.00, 0.0°)"
1779120855046041784,1779120855045694520,2026-05-19T00:14:15.046+08:00,1,start,仿真/自动任务：跳过拔缆倒计时，立即初始化里程计原点
1779120855046922328,1779120855046629144,2026-05-19T00:14:15.046+08:00,1,start,💡 灯光已关闭
1779120855048230456,1779120855047802232,2026-05-19T00:14:15.048+08:00,1,start,⚙️  舵机1：START置零（抓取位置）（发布angle=0.0°；内部=0.0000 rad，已发指令）
1779120855048966232,1779120855048609624,2026-05-19T00:14:15.048+08:00,1,start,"发送动作目标：START，目标=[0.00, 0.00, 0.00, 0.00]，超时=0s，任务上下文=""start task:1步骤-初始化里程计原点(all)"""
1779120855063242200,1779120855060943160,2026-05-19T00:14:15.063+08:00,1,start,动作目标已接受，等待执行结果……
1779120855110840952,1779120855109920792,2026-05-19T00:14:15.110+08:00,1,start,START[6/6]：PoseInfo已发布，agxhbt心跳已启用；START返回成功，不等待MCU解锁
1779120855124884760,1779120855123615000,2026-05-19T00:14:15.124+08:00,1,start,动作执行结果：成功
1779120855126404504,1779120855124388056,2026-05-19T00:14:15.126+08:00,1,mapping_grid,"[2/2] mapping_grid 参数={'timeout': 1800.0, 'move_timeout': 150.0, 'traversal_clearance_m': 0.4, 'traversal_tracking_margin_m': 0.15, 'observe_seconds': 12.0, 'stable_seconds': 1.0, 'stable_position_m': 0.03, 'stable_angle_deg': 2.0, 'allow_motion_observations': True, 'motion_window_seconds': 0.5, 'motion_position_m': 0.15, 'motion_angle_deg': 5.0, 'min_observations': 3, 'class_vote_ratio': 0.67, 'expected_cones': 4, 'grid_center_x': 1.1, 'grid_center_y': -1.41, 'grid_side_m': 2.4, 'grid_yaw_deg': 0.0, 'floor_z': 1.0, 'survey_z': 0.05, 'survey_yaw_deg': 0.0, 'tag_x': 0.0, 'tag_y': 0.0, 'tag_id': -1, 'allowed_tag_ids': [16, 18], 'tag_dictionary': 'DICT_APRILTAG_16h5', 'visit_order': [8, 7, 6, 3, 5, 4, 2, 1, 0], 'measurement_sigma_m': 0.035, 'process_noise': 0.0001, 'mahalanobis_gate': 11.345, 'cell_gate_m': 0.48, 'tag_timeout': 30.0, 'fallback_tag_id': 16, 'fallback_square_cells': [3, 7], 'fallback_round_cells': [0, 5], 'enable_traversal': False} | 指令位姿=(0.00, 0.00, 0.00, 0.0°)"
1779120855128601432,1779120855127642392,2026-05-19T00:14:15.128+08:00,1,mapping_grid,💡 灯光已打开：建图及遍历执行中（数值=3）
1779120855342199800,1779120855340499064,2026-05-19T00:14:15.342+08:00,1,mapping_grid,"发送动作目标：WTRAVEL，目标=[0.00, 0.00, 0.05, 0.00]，超时=150s，任务上下文=""mapping_grid task:2步骤-mapping:travel_to_april_tag"""
1779120855353540792,1779120855352207896,2026-05-19T00:14:15.353+08:00,1,mapping_grid,动作目标已接受，等待执行结果……
1779120856220460824,1779120856220156824,2026-05-19T00:14:16.220+08:00,1,mapping_grid,"步进开始: 目标=(0.00, 0.00, 0.05, 0.0°), 总超时=150s"
1779120856241330840,1779120856240368856,2026-05-19T00:14:16.241+08:00,1,mapping_grid,建图数据被拒绝：格点=None，原因=outside_cell_gate
1779120856243211064,1779120856242548056,2026-05-19T00:14:16.243+08:00,1,mapping_grid,动作执行结果：成功
1779120856243781112,1779120856243426648,2026-05-19T00:14:16.243+08:00,1,mapping_grid,开始识别池底标记：字典=DICT_APRILTAG_16h5，期望ID=-1，输入=/perception/mapping/observations
1779120856244317912,1779120856244000664,2026-05-19T00:14:16.244+08:00,1,mapping_grid,"标记识别进度：{'frames': 1, 'markers': 1, 'wrong_id': 0, 'no_depth': 0}，最近原因=not_scanned"
1779120857104266328,1779120857102627896,2026-05-19T00:14:17.104+08:00,1,mapping_grid,标记确认成功：ID=18，有效观测=3
1779120857153544376,1779120857148176536,2026-05-19T00:14:17.153+08:00,1,mapping_grid,"发送动作目标：WTRAVEL，目标=[0.30, -0.61, 0.05, 0.00]，超时=150s，任务上下文=""mapping_grid task:2步骤-mapping:travel_to_cell_8"""
1779120857162310296,1779120857159817016,2026-05-19T00:14:17.162+08:00,1,mapping_grid,动作目标已接受，等待执行结果……
1779120857172375992,1779120857171559960,2026-05-19T00:14:17.172+08:00,1,mapping_grid,"步进开始: 目标=(0.00, 0.00, 0.01, -64.1°), 总超时=150s"
1779120858358989880,1779120858358349336,2026-05-19T00:14:18.358+08:00,1,mapping_grid,暂不入图：采集前位姿变化超过当前静止/移动门限，或位姿历史缺失/不连续；状态=travel_to_cell，格点=8
1779120859995172728,1779120859993957176,2026-05-19T00:14:19.995+08:00,1,mapping_grid,"步进开始: 目标=(0.30, -0.61, 0.05, -64.1°), 总超时=147s"
1779120860842023128,1779120860834581112,2026-05-19T00:14:20.842+08:00,1,mapping_grid,建图数据被拒绝：格点=8，原因=outside_cell_gate
1779120864075208888,1779120864074206296,2026-05-19T00:14:24.075+08:00,1,mapping_grid,建图数据被拒绝：格点=8，原因=outside_cell_gate
1779120867236283544,1779120867235518200,2026-05-19T00:14:27.236+08:00,1,mapping_grid,动作执行结果：成功
1779120867849196344,1779120867847496280,2026-05-19T00:14:27.849+08:00,1,mapping_grid,暂不入图：采集前位姿变化超过当前静止/移动门限，或位姿历史缺失/不连续；状态=observe_cell，格点=8
1779120870980619160,1779120870979436952,2026-05-19T00:14:30.980+08:00,1,mapping_grid,暂不入图：采集前位姿变化超过当前静止/移动门限，或位姿历史缺失/不连续；状态=observe_cell，格点=8
1779120875355531896,1779120875354514360,2026-05-19T00:14:35.355+08:00,1,mapping_grid,暂不入图：采集前位姿变化超过当前静止/移动门限，或位姿历史缺失/不连续；状态=observe_cell，格点=8
1779120879239783992,1779120879236937368,2026-05-19T00:14:39.239+08:00,1,mapping_grid,"格点8观察完成：已处理双目帧=33，新增有效目标测量=0，累计有效目标测量=0；感知统计={'received_frames': 59, 'processed_frames': 59, 'rejected_frames': 0, 'cone_candidates': 26, 'cone_confidence_rejected': 0, 'cone_mask_rejected': 0, 'cone_depth_rejected': 0, 'cone_observations': 26, 'unstable_frames': 24, 'moving_frames': 1, 'old_phase_frames': 7}"
1779120879241396696,1779120879239131672,2026-05-19T00:14:39.241+08:00,1,mapping_grid,"发送动作目标：WTRAVEL，目标=[0.30, -1.41, 0.05, 0.00]，超时=150s，任务上下文=""mapping_grid task:2步骤-mapping:travel_to_cell_7"""
1779120879248130488,1779120879247819928,2026-05-19T00:14:39.248+08:00,1,mapping_grid,"步进开始: 目标=(0.30, -0.61, 0.06, -90.2°), 总超时=150s"
1779120879251204952,1779120879250757336,2026-05-19T00:14:39.251+08:00,1,mapping_grid,动作目标已接受，等待执行结果……
1779120880625811640,1779120880624273528,2026-05-19T00:14:40.625+08:00,1,mapping_grid,暂不入图：采集前位姿变化超过当前静止/移动门限，或位姿历史缺失/不连续；状态=travel_to_cell，格点=7
1779120881166757656,1779120881165667608,2026-05-19T00:14:41.166+08:00,1,mapping_grid,"步进开始: 目标=(0.30, -1.41, 0.05, -90.2°), 总超时=148s"
1779120881878732888,1779120881877147608,2026-05-19T00:14:41.878+08:00,1,mapping_grid,建图数据被拒绝：格点=7，原因=outside_cell_gate
1779120883800391992,1779120883799102008,2026-05-19T00:14:43.800+08:00,1,mapping_grid,暂不入图：采集前位姿变化超过当前静止/移动门限，或位姿历史缺失/不连续；状态=travel_to_cell，格点=7
1779120886976019544,1779120886974746296,2026-05-19T00:14:46.976+08:00,1,mapping_grid,暂不入图：采集前位姿变化超过当前静止/移动门限，或位姿历史缺失/不连续；状态=travel_to_cell，格点=7
1779120891498820664,1779120891497942616,2026-05-19T00:14:51.498+08:00,1,mapping_grid,暂不入图：采集前位姿变化超过当前静止/移动门限，或位姿历史缺失/不连续；状态=travel_to_cell，格点=7
1779120894610453592,1779120894609440824,2026-05-19T00:14:54.610+08:00,1,mapping_grid,暂不入图：采集前位姿变化超过当前静止/移动门限，或位姿历史缺失/不连续；状态=travel_to_cell，格点=7
1779120903897274104,1779120903896251896,2026-05-19T00:15:03.897+08:00,1,mapping_grid,暂不入图：采集前位姿变化超过当前静止/移动门限，或位姿历史缺失/不连续；状态=travel_to_cell，格点=7
1779120906403261592,1779120906402147416,2026-05-19T00:15:06.403+08:00,1,mapping_grid,动作执行结果：成功
1779120907212045720,1779120907211196312,2026-05-19T00:15:07.212+08:00,1,mapping_grid,暂不入图：采集前位姿变化超过当前静止/移动门限，或位姿历史缺失/不连续；状态=observe_cell，格点=7
1779120910530846584,1779120910529729752,2026-05-19T00:15:10.530+08:00,1,mapping_grid,暂不入图：采集前位姿变化超过当前静止/移动门限，或位姿历史缺失/不连续；状态=observe_cell，格点=7
1779120918416054584,1779120918414030712,2026-05-19T00:15:18.416+08:00,1,mapping_grid,"格点7观察完成：已处理双目帧=20，新增有效目标测量=20，累计有效目标测量=29；感知统计={'received_frames': 153, 'processed_frames': 153, 'rejected_frames': 0, 'cone_candidates': 80, 'cone_confidence_rejected': 0, 'cone_mask_rejected': 0, 'cone_depth_rejected': 10, 'cone_observations': 70, 'unstable_frames': 84, 'moving_frames': 1, 'old_phase_frames': 12}"
1779120918418620600,1779120918416969592,2026-05-19T00:15:18.418+08:00,1,mapping_grid,"发送动作目标：WTRAVEL，目标=[0.30, -2.21, 0.05, 0.00]，超时=150s，任务上下文=""mapping_grid task:2步骤-mapping:travel_to_cell_6"""
1779120918429488216,1779120918428535992,2026-05-19T00:15:18.429+08:00,1,mapping_grid,动作目标已接受，等待执行结果……
1779120918435232728,1779120918432025912,2026-05-19T00:15:18.435+08:00,1,mapping_grid,"步进开始: 目标=(0.30, -1.41, 0.03, -89.7°), 总超时=150s"
1779120918448669944,1779120918447261464,2026-05-19T00:15:18.448+08:00,1,mapping_grid,"步进开始: 目标=(0.30, -2.21, 0.05, -89.7°), 总超时=150s"
1779120928214795608,1779120928213619960,2026-05-19T00:15:28.214+08:00,1,mapping_grid,动作执行结果：成功
1779120929006895224,1779120929005941304,2026-05-19T00:15:29.006+08:00,1,mapping_grid,暂不入图：采集前位姿变化超过当前静止/移动门限，或位姿历史缺失/不连续；状态=observe_cell，格点=6
1779120933686227224,1779120933685274456,2026-05-19T00:15:33.686+08:00,1,mapping_grid,暂不入图：采集前位姿变化超过当前静止/移动门限，或位姿历史缺失/不连续；状态=observe_cell，格点=6
1779120940225561496,1779120940220979640,2026-05-19T00:15:40.225+08:00,1,mapping_grid,"格点6观察完成：已处理双目帧=34，新增有效目标测量=0，累计有效目标测量=0；感知统计={'received_frames': 218, 'processed_frames': 218, 'rejected_frames': 0, 'cone_candidates': 145, 'cone_confidence_rejected': 0, 'cone_mask_rejected': 0, 'cone_depth_rejected': 20, 'cone_observations': 125, 'unstable_frames': 97, 'moving_frames': 1, 'old_phase_frames': 17}"
1779120940234013208,1779120940224039832,2026-05-19T00:15:40.234+08:00,1,mapping_grid,"发送动作目标：WTRAVEL，目标=[1.10, -2.21, 0.05, 0.00]，超时=150s，任务上下文=""mapping_grid task:2步骤-mapping:travel_to_cell_3"""
1779120940239960408,1779120940236641560,2026-05-19T00:15:40.239+08:00,1,mapping_grid,"步进开始: 目标=(0.30, -2.22, 0.04, 0.8°), 总超时=150s"
1779120940243883448,1779120940238186520,2026-05-19T00:15:40.243+08:00,1,mapping_grid,动作目标已接受，等待执行结果……
1779120941400682904,1779120941399421784,2026-05-19T00:15:41.400+08:00,1,mapping_grid,暂不入图：采集前位姿变化超过当前静止/移动门限，或位姿历史缺失/不连续；状态=travel_to_cell，格点=3
1779120943161100024,1779120943160545112,2026-05-19T00:15:43.161+08:00,1,mapping_grid,"步进开始: 目标=(1.10, -2.21, 0.05, 0.8°), 总超时=147s"
1779120948499473464,1779120948498555608,2026-05-19T00:15:48.499+08:00,1,mapping_grid,动作执行结果：成功
1779120949156696888,1779120949155350840,2026-05-19T00:15:49.156+08:00,1,mapping_grid,暂不入图：采集前位姿变化超过当前静止/移动门限，或位姿历史缺失/不连续；状态=observe_cell，格点=3
1779120952383514392,1779120952382476728,2026-05-19T00:15:52.383+08:00,1,mapping_grid,暂不入图：采集前位姿变化超过当前静止/移动门限，或位姿历史缺失/不连续；状态=observe_cell，格点=3
1779120960549637464,1779120960548218424,2026-05-19T00:16:00.549+08:00,1,mapping_grid,"格点3观察完成：已处理双目帧=23，新增有效目标测量=23，累计有效目标测量=27；感知统计={'received_frames': 262, 'processed_frames': 262, 'rejected_frames': 0, 'cone_candidates': 187, 'cone_confidence_rejected': 0, 'cone_mask_rejected': 0, 'cone_depth_rejected': 32, 'cone_observations': 155, 'unstable_frames': 127, 'moving_frames': 1, 'old_phase_frames': 21}"
1779120960553441464,1779120960552251928,2026-05-19T00:16:00.553+08:00,1,mapping_grid,"发送动作目标：WTRAVEL，目标=[1.10, -0.61, 0.05, 0.00]，超时=150s，任务上下文=""mapping_grid task:2步骤-mapping:travel_to_cell_5"""
1779120960565026936,1779120960562505144,2026-05-19T00:16:00.565+08:00,1,mapping_grid,"步进开始: 目标=(1.11, -2.21, 0.05, 90.5°), 总超时=150s"
1779120960565889176,1779120960564644216,2026-05-19T00:16:00.565+08:00,1,mapping_grid,动作目标已接受，等待执行结果……
1779120961595146392,1779120961592975352,2026-05-19T00:16:01.595+08:00,1,mapping_grid,暂不入图：采集前位姿变化超过当前静止/移动门限，或位姿历史缺失/不连续；状态=travel_to_cell，格点=5
1779120963485519736,1779120963484830712,2026-05-19T00:16:03.485+08:00,1,mapping_grid,"步进开始: 目标=(1.10, -0.61, 0.05, 90.5°), 总超时=147s"
1779120980275107544,1779120980274518328,2026-05-19T00:16:20.275+08:00,1,mapping_grid,动作执行结果：成功
1779120980826081144,1779120980825484152,2026-05-19T00:16:20.826+08:00,1,mapping_grid,暂不入图：采集前位姿变化超过当前静止/移动门限，或位姿历史缺失/不连续；状态=observe_cell，格点=5
1779120985381581912,1779120985380519000,2026-05-19T00:16:25.381+08:00,1,mapping_grid,暂不入图：采集前位姿变化超过当前静止/移动门限，或位姿历史缺失/不连续；状态=observe_cell，格点=5
1779120992289409528,1779120992287036184,2026-05-19T00:16:32.289+08:00,1,mapping_grid,"格点5观察完成：已处理双目帧=33，新增有效目标测量=45，累计有效目标测量=54；感知统计={'received_frames': 362, 'processed_frames': 362, 'rejected_frames': 0, 'cone_candidates': 317, 'cone_confidence_rejected': 0, 'cone_mask_rejected': 0, 'cone_depth_rejected': 72, 'cone_observations': 245, 'unstable_frames': 154, 'moving_frames': 1, 'old_phase_frames': 25}"
1779120992295411736,1779120992293955960,2026-05-19T00:16:32.295+08:00,1,mapping_grid,"发送动作目标：WTRAVEL，目标=[1.10, -1.41, 0.05, 0.00]，超时=150s，任务上下文=""mapping_grid task:2步骤-mapping:travel_to_cell_4"""
1779120992310077432,1779120992308909208,2026-05-19T00:16:32.310+08:00,1,mapping_grid,动作目标已接受，等待执行结果……
1779120992325539832,1779120992320037016,2026-05-19T00:16:32.325+08:00,1,mapping_grid,"步进开始: 目标=(1.10, -0.59, 0.05, -89.8°), 总超时=150s"
1779120993332716440,1779120993331846840,2026-05-19T00:16:33.332+08:00,1,mapping_grid,暂不入图：采集前位姿变化超过当前静止/移动门限，或位姿历史缺失/不连续；状态=travel_to_cell，格点=4
1779120996374925496,1779120996373906424,2026-05-19T00:16:36.374+08:00,1,mapping_grid,暂不入图：采集前位姿变化超过当前静止/移动门限，或位姿历史缺失/不连续；状态=travel_to_cell，格点=4
1779120996657818296,1779120996656621016,2026-05-19T00:16:36.657+08:00,1,mapping_grid,"步进开始: 目标=(1.10, -1.41, 0.05, -89.8°), 总超时=146s"
1779120999402356472,1779120999401455256,2026-05-19T00:16:39.402+08:00,1,mapping_grid,暂不入图：采集前位姿变化超过当前静止/移动门限，或位姿历史缺失/不连续；状态=travel_to_cell，格点=4
1779121002687798040,1779121002686801720,2026-05-19T00:16:42.687+08:00,1,mapping_grid,暂不入图：采集前位姿变化超过当前静止/移动门限，或位姿历史缺失/不连续；状态=travel_to_cell，格点=4
1779121017849245752,1779121017848142936,2026-05-19T00:16:57.849+08:00,1,mapping_grid,暂不入图：采集前位姿变化超过当前静止/移动门限，或位姿历史缺失/不连续；状态=travel_to_cell，格点=4
1779121023099861368,1779121023098776056,2026-05-19T00:17:03.099+08:00,1,mapping_grid,暂不入图：采集前位姿变化超过当前静止/移动门限，或位姿历史缺失/不连续；状态=travel_to_cell，格点=4
1779121026758853528,1779121026757183320,2026-05-19T00:17:06.758+08:00,1,mapping_grid,暂不入图：采集前位姿变化超过当前静止/移动门限，或位姿历史缺失/不连续；状态=travel_to_cell，格点=4
1779121032093765816,1779121032093267224,2026-05-19T00:17:12.093+08:00,1,mapping_grid,建图数据被拒绝：格点=4，原因=outside_cell_gate
1779121035012610872,1779121035011423576,2026-05-19T00:17:15.012+08:00,1,mapping_grid,暂不入图：采集前位姿变化超过当前静止/移动门限，或位姿历史缺失/不连续；状态=travel_to_cell，格点=4
1779121037990478040,1779121037989400920,2026-05-19T00:17:17.990+08:00,1,mapping_grid,动作执行结果：成功
1779121038603000088,1779121038601895768,2026-05-19T00:17:18.603+08:00,1,mapping_grid,暂不入图：采集前位姿变化超过当前静止/移动门限，或位姿历史缺失/不连续；状态=observe_cell，格点=4
1779121049997882040,1779121049996581176,2026-05-19T00:17:29.997+08:00,1,mapping_grid,"格点4观察完成：已处理双目帧=41，新增有效目标测量=0，累计有效目标测量=0；感知统计={'received_frames': 573, 'processed_frames': 573, 'rejected_frames': 0, 'cone_candidates': 333, 'cone_confidence_rejected': 0, 'cone_mask_rejected': 0, 'cone_depth_rejected': 78, 'cone_observations': 255, 'unstable_frames': 205, 'moving_frames': 1, 'old_phase_frames': 29}"
1779121050004164472,1779121050000427000,2026-05-19T00:17:30.004+08:00,1,mapping_grid,"发送动作目标：WTRAVEL，目标=[1.90, -0.61, 0.05, 0.00]，超时=150s，任务上下文=""mapping_grid task:2步骤-mapping:travel_to_cell_2"""
1779121050016752984,1779121050012022584,2026-05-19T00:17:30.016+08:00,1,mapping_grid,动作目标已接受，等待执行结果……
1779121050020673368,1779121050012186168,2026-05-19T00:17:30.020+08:00,1,mapping_grid,"步进开始: 目标=(1.10, -1.41, 0.06, 45.0°), 总超时=150s"
1779121051062418392,1779121051061434072,2026-05-19T00:17:31.062+08:00,1,mapping_grid,暂不入图：采集前位姿变化超过当前静止/移动门限，或位姿历史缺失/不连续；状态=travel_to_cell，格点=2
1779121053539656344,1779121053538399576,2026-05-19T00:17:33.539+08:00,1,mapping_grid,"步进开始: 目标=(1.90, -0.61, 0.05, 45.0°), 总超时=146s"
1779121054215434520,1779121054214072440,2026-05-19T00:17:34.215+08:00,1,mapping_grid,暂不入图：采集前位姿变化超过当前静止/移动门限，或位姿历史缺失/不连续；状态=travel_to_cell，格点=2
1779121063209928280,1779121063209046936,2026-05-19T00:17:43.209+08:00,1,mapping_grid,动作执行结果：成功
1779121063776269336,1779121063775247448,2026-05-19T00:17:43.776+08:00,1,mapping_grid,暂不入图：采集前位姿变化超过当前静止/移动门限，或位姿历史缺失/不连续；状态=observe_cell，格点=2
1779121075214617304,1779121075213596888,2026-05-19T00:17:55.214+08:00,1,mapping_grid,"格点2观察完成：已处理双目帧=43，新增有效目标测量=0，累计有效目标测量=0；感知统计={'received_frames': 658, 'processed_frames': 658, 'rejected_frames': 0, 'cone_candidates': 405, 'cone_confidence_rejected': 0, 'cone_mask_rejected': 0, 'cone_depth_rejected': 132, 'cone_observations': 273, 'unstable_frames': 229, 'moving_frames': 1, 'old_phase_frames': 33}"
1779121075220103992,1779121075217403608,2026-05-19T00:17:55.220+08:00,1,mapping_grid,"发送动作目标：WTRAVEL，目标=[1.90, -1.41, 0.05, 0.00]，超时=150s，任务上下文=""mapping_grid task:2步骤-mapping:travel_to_cell_1"""
1779121075229506872,1779121075229210712,2026-05-19T00:17:55.229+08:00,1,mapping_grid,"步进开始: 目标=(1.91, -0.60, 0.05, -90.7°), 总超时=150s"
1779121075229848696,1779121075229192408,2026-05-19T00:17:55.229+08:00,1,mapping_grid,动作目标已接受，等待执行结果……
1779121076320618904,1779121076319650552,2026-05-19T00:17:56.320+08:00,1,mapping_grid,暂不入图：采集前位姿变化超过当前静止/移动门限，或位姿历史缺失/不连续；状态=travel_to_cell，格点=1
1779121079054636344,1779121079052346776,2026-05-19T00:17:59.054+08:00,1,mapping_grid,"步进开始: 目标=(1.90, -1.41, 0.05, -90.7°), 总超时=146s"
1779121079361754808,1779121079359963544,2026-05-19T00:17:59.361+08:00,1,mapping_grid,暂不入图：采集前位姿变化超过当前静止/移动门限，或位姿历史缺失/不连续；状态=travel_to_cell，格点=1
1779121082382652632,1779121082381652824,2026-05-19T00:18:02.382+08:00,1,mapping_grid,暂不入图：采集前位姿变化超过当前静止/移动门限，或位姿历史缺失/不连续；状态=travel_to_cell，格点=1
1779121093526254488,1779121093525541464,2026-05-19T00:18:13.526+08:00,1,mapping_grid,暂不入图：采集前位姿变化超过当前静止/移动门限，或位姿历史缺失/不连续；状态=travel_to_cell，格点=1
1779121096877685528,1779121096876226232,2026-05-19T00:18:16.877+08:00,1,mapping_grid,暂不入图：采集前位姿变化超过当前静止/移动门限，或位姿历史缺失/不连续；状态=travel_to_cell，格点=1
1779121100412201624,1779121100408147064,2026-05-19T00:18:20.412+08:00,1,mapping_grid,暂不入图：采集前位姿变化超过当前静止/移动门限，或位姿历史缺失/不连续；状态=travel_to_cell，格点=1
1779121103603243288,1779121103602127544,2026-05-19T00:18:23.603+08:00,1,mapping_grid,暂不入图：采集前位姿变化超过当前静止/移动门限，或位姿历史缺失/不连续；状态=travel_to_cell，格点=1
1779121106678580920,1779121106677674584,2026-05-19T00:18:26.678+08:00,1,mapping_grid,暂不入图：采集前位姿变化超过当前静止/移动门限，或位姿历史缺失/不连续；状态=travel_to_cell，格点=1
1779121109713627672,1779121109712465112,2026-05-19T00:18:29.713+08:00,1,mapping_grid,暂不入图：采集前位姿变化超过当前静止/移动门限，或位姿历史缺失/不连续；状态=travel_to_cell，格点=1
1779121112388953592,1779121112388397208,2026-05-19T00:18:32.388+08:00,1,mapping_grid,动作执行结果：成功
1779121113011535576,1779121113009939928,2026-05-19T00:18:33.011+08:00,1,mapping_grid,暂不入图：采集前位姿变化超过当前静止/移动门限，或位姿历史缺失/不连续；状态=observe_cell，格点=1
1779121124400179096,1779121124399227768,2026-05-19T00:18:44.400+08:00,1,mapping_grid,"格点1观察完成：已处理双目帧=42，新增有效目标测量=19，累计有效目标测量=20；感知统计={'received_frames': 756, 'processed_frames': 756, 'rejected_frames': 0, 'cone_candidates': 473, 'cone_confidence_rejected': 0, 'cone_mask_rejected': 0, 'cone_depth_rejected': 149, 'cone_observations': 324, 'unstable_frames': 337, 'moving_frames': 1, 'old_phase_frames': 37}"
1779121124407237656,1779121124403880344,2026-05-19T00:18:44.407+08:00,1,mapping_grid,"发送动作目标：WTRAVEL，目标=[1.90, -2.21, 0.05, 0.00]，超时=150s，任务上下文=""mapping_grid task:2步骤-mapping:travel_to_cell_0"""
1779121124418108344,1779121124414691032,2026-05-19T00:18:44.418+08:00,1,mapping_grid,"步进开始: 目标=(1.90, -1.41, 0.04, -89.8°), 总超时=150s"
1779121124419079160,1779121124415771832,2026-05-19T00:18:44.419+08:00,1,mapping_grid,动作目标已接受，等待执行结果……
1779121124430473080,1779121124428240664,2026-05-19T00:18:44.430+08:00,1,mapping_grid,"步进开始: 目标=(1.90, -2.21, 0.05, -89.8°), 总超时=150s"
1779121133886830392,1779121133885636760,2026-05-19T00:18:53.886+08:00,1,mapping_grid,动作执行结果：成功
1779121134489892760,1779121134488913848,2026-05-19T00:18:54.489+08:00,1,mapping_grid,暂不入图：采集前位姿变化超过当前静止/移动门限，或位姿历史缺失/不连续；状态=observe_cell，格点=0
1779121137742010616,1779121137740879384,2026-05-19T00:18:57.742+08:00,1,mapping_grid,暂不入图：采集前位姿变化超过当前静止/移动门限，或位姿历史缺失/不连续；状态=observe_cell，格点=0
1779121140973190488,1779121140971513528,2026-05-19T00:19:00.973+08:00,1,mapping_grid,暂不入图：采集前位姿变化超过当前静止/移动门限，或位姿历史缺失/不连续；状态=observe_cell，格点=0
1779121145907865304,1779121145900759960,2026-05-19T00:19:05.907+08:00,1,mapping_grid,"格点0观察完成：已处理双目帧=17，新增有效目标测量=17，累计有效目标测量=31；感知统计={'received_frames': 812, 'processed_frames': 812, 'rejected_frames': 0, 'cone_candidates': 512, 'cone_confidence_rejected': 0, 'cone_mask_rejected': 0, 'cone_depth_rejected': 150, 'cone_observations': 362, 'unstable_frames': 363, 'moving_frames': 1, 'old_phase_frames': 42}"
1779121145913674904,1779121145906180312,2026-05-19T00:19:05.913+08:00,1,mapping_grid,"建图最终结果（两方两圆约束）：{1: 0, 3: 0, 0: 1, 2: 1}；类别0=方形，类别1=圆形；证据票数={5: (25, 7), 1: (27, 0), 7: (16, 0), 3: (64, 4), 2: (0, 1), 0: (0, 30)}"
1779121145926909816,1779121145910801048,2026-05-19T00:19:05.926+08:00,1,mapping_grid,建图独立调试完成：不执行锥桶遍历
1779121145942888472,1779121145940912728,2026-05-19T00:19:05.942+08:00,1,mapping_grid,💡 灯光已打开：建图及遍历完成（数值=2）
1779121145943673240,1779121145941744856,2026-05-19T00:19:05.943+08:00,1,mapping_grid,=== 任务列表执行完成（2/2）===
1779121218357436568,1779121218356122360,2026-05-19T00:20:18.357+08:00,1,,启动配置：MCU原点重置=True，心跳发布器已创建=True，频率=15Hz，arm_mode=1；等待START成功后才发送心跳
1779121225103192152,1779121225102403480,2026-05-19T00:20:25.103+08:00,1,,TaskRunner 节点已启动
1779121225103928920,1779121225102975352,2026-05-19T00:20:25.103+08:00,1,,调试模式：False
1779121225121073848,1779121225120027960,2026-05-19T00:20:25.121+08:00,1,,已从 /home/nvidia/YouLong_AUV_Control_System/workspace_auv/src/uv_task/config/missions/mapping_grid.json 加载 2 个任务
1779121225123091576,1779121225122409944,2026-05-19T00:20:25.123+08:00,1,,已自动启动任务列表（共 2 个任务）
1779121225124815576,1779121225123983224,2026-05-19T00:20:25.124+08:00,2,,=== 任务列表开始执行（共 2 个任务）===
1779121225125616536,1779121225124584696,2026-05-19T00:20:25.125+08:00,2,start,"[1/2] start 参数={'skip_preparation': True} | 指令位姿=(0.00, 0.00, 0.00, 0.0°)"
1779121225126127288,1779121225125105176,2026-05-19T00:20:25.126+08:00,2,start,仿真/自动任务：跳过拔缆倒计时，立即初始化里程计原点
1779121225126748088,1779121225125701976,2026-05-19T00:20:25.126+08:00,2,start,💡 灯光已关闭
1779121225127944664,1779121225127369816,2026-05-19T00:20:25.127+08:00,2,start,⚙️  舵机1：START置零（抓取位置）（发布angle=0.0°；内部=0.0000 rad，已发指令）
1779121225128623896,1779121225128187544,2026-05-19T00:20:25.128+08:00,2,start,"发送动作目标：START，目标=[0.00, 0.00, 0.00, 0.00]，超时=0s，任务上下文=""start task:1步骤-初始化里程计原点(all)"""
1779121225141229656,1779121225140197528,2026-05-19T00:20:25.141+08:00,2,start,动作目标已接受，等待执行结果……
1779121225182751864,1779121225179808600,2026-05-19T00:20:25.182+08:00,2,start,START[6/6]：PoseInfo已发布，agxhbt心跳已启用；START返回成功，不等待MCU解锁
1779121225193236408,1779121225192721080,2026-05-19T00:20:25.193+08:00,2,start,动作执行结果：成功
1779121225195343800,1779121225194295160,2026-05-19T00:20:25.195+08:00,2,mapping_grid,"[2/2] mapping_grid 参数={'timeout': 1800.0, 'move_timeout': 150.0, 'traversal_clearance_m': 0.4, 'traversal_tracking_margin_m': 0.15, 'observe_seconds': 12.0, 'stable_seconds': 1.0, 'stable_position_m': 0.03, 'stable_angle_deg': 2.0, 'allow_motion_observations': True, 'motion_window_seconds': 0.5, 'motion_position_m': 0.15, 'motion_angle_deg': 5.0, 'min_observations': 3, 'class_vote_ratio': 0.67, 'expected_cones': 4, 'grid_center_x': 1.1, 'grid_center_y': -1.41, 'grid_side_m': 2.4, 'grid_yaw_deg': 0.0, 'floor_z': 1.0, 'survey_z': 0.05, 'survey_yaw_deg': 0.0, 'tag_x': 0.0, 'tag_y': 0.0, 'tag_id': -1, 'allowed_tag_ids': [16, 18], 'tag_dictionary': 'DICT_APRILTAG_16h5', 'visit_order': [8, 7, 6, 3, 5, 4, 2, 1, 0], 'measurement_sigma_m': 0.035, 'process_noise': 0.0001, 'mahalanobis_gate': 11.345, 'cell_gate_m': 0.48, 'tag_timeout': 30.0, 'fallback_tag_id': 16, 'fallback_square_cells': [3, 7], 'fallback_round_cells': [0, 5], 'enable_traversal': False} | 指令位姿=(0.00, 0.00, 0.00, 0.0°)"
1779121225196046328,1779121225195378008,2026-05-19T00:20:25.196+08:00,2,mapping_grid,💡 灯光已打开：建图及遍历执行中（数值=3）
1779121225506262008,1779121225505248408,2026-05-19T00:20:25.506+08:00,2,mapping_grid,"发送动作目标：WTRAVEL，目标=[0.00, 0.00, 0.05, 0.00]，超时=150s，任务上下文=""mapping_grid task:2步骤-mapping:travel_to_april_tag"""
1779121225518140376,1779121225516999384,2026-05-19T00:20:25.518+08:00,2,mapping_grid,动作目标已接受，等待执行结果……
1779121226339711704,1779121226338348344,2026-05-19T00:20:26.339+08:00,2,mapping_grid,建图数据被拒绝：格点=None，原因=outside_cell_gate
1779121226385421432,1779121226384310616,2026-05-19T00:20:26.385+08:00,2,mapping_grid,动作执行结果：成功
1779121226386800888,1779121226385516760,2026-05-19T00:20:26.386+08:00,2,mapping_grid,开始识别池底标记：字典=DICT_APRILTAG_16h5，期望ID=-1，输入=/perception/mapping/observations
1779121226387248344,1779121226386202968,2026-05-19T00:20:26.387+08:00,2,mapping_grid,"标记识别进度：{'frames': 1, 'markers': 1, 'wrong_id': 0, 'no_depth': 0}，最近原因=not_scanned"
1779121227757818840,1779121227756996216,2026-05-19T00:20:27.757+08:00,2,mapping_grid,标记确认成功：ID=18，有效观测=3
1779121227794936824,1779121227794049656,2026-05-19T00:20:27.794+08:00,2,mapping_grid,"发送动作目标：WTRAVEL，目标=[0.30, -0.61, 0.05, 0.00]，超时=150s，任务上下文=""mapping_grid task:2步骤-mapping:travel_to_cell_8"""
1779121227802402424,1779121227801846776,2026-05-19T00:20:27.802+08:00,2,mapping_grid,"步进开始: 目标=(-0.02, 0.00, 0.02, -62.6°), 总超时=150s"
1779121227807454936,1779121227806841496,2026-05-19T00:20:27.807+08:00,2,mapping_grid,动作目标已接受，等待执行结果……
1779121229066977592,1779121229065996024,2026-05-19T00:20:29.066+08:00,2,mapping_grid,暂不入图：采集前位姿变化超过当前静止/移动门限，或位姿历史缺失/不连续；状态=travel_to_cell，格点=8
1779121232080133368,1779121232077998776,2026-05-19T00:20:32.080+08:00,2,mapping_grid,建图数据被拒绝：格点=8，原因=outside_cell_gate
1779121234537624280,1779121234536664440,2026-05-19T00:20:34.537+08:00,2,mapping_grid,"步进开始: 目标=(0.30, -0.61, 0.05, -62.6°), 总超时=143s"
1779121235100650936,1779121235099460504,2026-05-19T00:20:35.100+08:00,2,mapping_grid,建图数据被拒绝：格点=8，原因=outside_cell_gate
1779121237170567960,1779121237169522296,2026-05-19T00:20:37.170+08:00,2,mapping_grid,暂不入图：采集前位姿变化超过当前静止/移动门限，或位姿历史缺失/不连续；状态=travel_to_cell，格点=8
1779121238310936312,1779121238310081944,2026-05-19T00:20:38.310+08:00,2,mapping_grid,建图数据被拒绝：格点=8，原因=outside_cell_gate
1779121241277000152,1779121241276228824,2026-05-19T00:20:41.277+08:00,2,mapping_grid,动作执行结果：成功
1779121241902125880,1779121241901212120,2026-05-19T00:20:41.902+08:00,2,mapping_grid,暂不入图：采集前位姿变化超过当前静止/移动门限，或位姿历史缺失/不连续；状态=observe_cell，格点=8
1779121246621209016,1779121246620384120,2026-05-19T00:20:46.621+08:00,2,mapping_grid,暂不入图：采集前位姿变化超过当前静止/移动门限，或位姿历史缺失/不连续；状态=observe_cell，格点=8
1779121253325619128,1779121253324420088,2026-05-19T00:20:53.325+08:00,2,mapping_grid,"格点8观察完成：已处理双目帧=36，新增有效目标测量=0，累计有效目标测量=0；感知统计={'received_frames': 73, 'processed_frames': 73, 'rejected_frames': 0, 'cone_candidates': 47, 'cone_confidence_rejected': 0, 'cone_mask_rejected': 0, 'cone_depth_rejected': 10, 'cone_observations': 37, 'unstable_frames': 26, 'moving_frames': 1, 'old_phase_frames': 7}"
1779121253327631000,1779121253326105144,2026-05-19T00:20:53.327+08:00,2,mapping_grid,"发送动作目标：WTRAVEL，目标=[0.30, -1.41, 0.05, 0.00]，超时=150s，任务上下文=""mapping_grid task:2步骤-mapping:travel_to_cell_7"""
1779121253342151960,1779121253339405624,2026-05-19T00:20:53.342+08:00,2,mapping_grid,动作目标已接受，等待执行结果……
1779121253342706520,1779121253340540920,2026-05-19T00:20:53.342+08:00,2,mapping_grid,"步进开始: 目标=(0.30, -0.62, 0.06, -90.3°), 总超时=150s"
1779121254850699448,1779121254849597048,2026-05-19T00:20:54.850+08:00,2,mapping_grid,暂不入图：采集前位姿变化超过当前静止/移动门限，或位姿历史缺失/不连续；状态=travel_to_cell，格点=7
1779121255846169624,1779121255845019192,2026-05-19T00:20:55.846+08:00,2,mapping_grid,建图数据被拒绝：格点=7，原因=outside_cell_gate
1779121257273540472,1779121257272772632,2026-05-19T00:20:57.273+08:00,2,mapping_grid,"步进开始: 目标=(0.30, -1.41, 0.05, -90.3°), 总超时=146s"
1779121259081175128,1779121259079955864,2026-05-19T00:20:59.081+08:00,2,mapping_grid,建图数据被拒绝：格点=7，原因=outside_cell_gate
1779121266125124984,1779121266124088056,2026-05-19T00:21:06.125+08:00,2,mapping_grid,动作执行结果：成功
1779121266532154488,1779121266531264216,2026-05-19T00:21:06.532+08:00,2,mapping_grid,暂不入图：采集前位姿变化超过当前静止/移动门限，或位姿历史缺失/不连续；状态=observe_cell，格点=7
1779121269552713816,1779121269551574904,2026-05-19T00:21:09.552+08:00,2,mapping_grid,暂不入图：采集前位姿变化超过当前静止/移动门限，或位姿历史缺失/不连续；状态=observe_cell，格点=7
1779121272728798232,1779121272727956088,2026-05-19T00:21:12.728+08:00,2,mapping_grid,暂不入图：采集前位姿变化超过当前静止/移动门限，或位姿历史缺失/不连续；状态=observe_cell，格点=7
1779121278172896024,1779121278171805528,2026-05-19T00:21:18.172+08:00,2,mapping_grid,"格点7观察完成：已处理双目帧=25，新增有效目标测量=7，累计有效目标测量=7；感知统计={'received_frames': 144, 'processed_frames': 144, 'rejected_frames': 0, 'cone_candidates': 130, 'cone_confidence_rejected': 0, 'cone_mask_rejected': 0, 'cone_depth_rejected': 69, 'cone_observations': 61, 'unstable_frames': 54, 'moving_frames': 1, 'old_phase_frames': 10}"
1779121278175430584,1779121278174145432,2026-05-19T00:21:18.175+08:00,2,mapping_grid,"发送动作目标：WTRAVEL，目标=[0.30, -2.21, 0.05, 0.00]，超时=150s，任务上下文=""mapping_grid task:2步骤-mapping:travel_to_cell_6"""
1779121278192644536,1779121278183211800,2026-05-19T00:21:18.192+08:00,2,mapping_grid,"步进开始: 目标=(0.30, -1.42, 0.06, -90.0°), 总超时=150s"
1779121278192977816,1779121278185851672,2026-05-19T00:21:18.192+08:00,2,mapping_grid,动作目标已接受，等待执行结果……
1779121278211469048,1779121278209607480,2026-05-19T00:21:18.211+08:00,2,mapping_grid,"步进开始: 目标=(0.30, -2.21, 0.05, -90.0°), 总超时=150s"
1779121287270625656,1779121287269805976,2026-05-19T00:21:27.270+08:00,2,mapping_grid,动作执行结果：成功
1779121287932817016,1779121287931546648,2026-05-19T00:21:27.932+08:00,2,mapping_grid,暂不入图：采集前位姿变化超过当前静止/移动门限，或位姿历史缺失/不连续；状态=observe_cell，格点=6
1779121294020159480,1779121294019002520,2026-05-19T00:21:34.020+08:00,2,mapping_grid,暂不入图：采集前位姿变化超过当前静止/移动门限，或位姿历史缺失/不连续；状态=observe_cell，格点=6
1779121299292627928,1779121299290665112,2026-05-19T00:21:39.292+08:00,2,mapping_grid,"格点6观察完成：已处理双目帧=27，新增有效目标测量=0，累计有效目标测量=0；感知统计={'received_frames': 202, 'processed_frames': 202, 'rejected_frames': 0, 'cone_candidates': 220, 'cone_confidence_rejected': 0, 'cone_mask_rejected': 0, 'cone_depth_rejected': 103, 'cone_observations': 117, 'unstable_frames': 64, 'moving_frames': 1, 'old_phase_frames': 14}"
1779121299297164344,1779121299294277112,2026-05-19T00:21:39.297+08:00,2,mapping_grid,"发送动作目标：WTRAVEL，目标=[1.10, -2.21, 0.05, 0.00]，超时=150s，任务上下文=""mapping_grid task:2步骤-mapping:travel_to_cell_3"""
1779121299309531256,1779121299306827288,2026-05-19T00:21:39.309+08:00,2,mapping_grid,动作目标已接受，等待执行结果……
1779121299314277848,1779121299312282328,2026-05-19T00:21:39.314+08:00,2,mapping_grid,"步进开始: 目标=(0.30, -2.22, 0.06, 0.9°), 总超时=150s"
1779121300578990456,1779121300577929592,2026-05-19T00:21:40.578+08:00,2,mapping_grid,暂不入图：采集前位姿变化超过当前静止/移动门限，或位姿历史缺失/不连续；状态=travel_to_cell，格点=3
1779121303715157656,1779121303714198296,2026-05-19T00:21:43.715+08:00,2,mapping_grid,暂不入图：采集前位姿变化超过当前静止/移动门限，或位姿历史缺失/不连续；状态=travel_to_cell，格点=3
1779121304962541432,1779121304961994648,2026-05-19T00:21:44.962+08:00,2,mapping_grid,"步进开始: 目标=(1.10, -2.21, 0.05, 0.9°), 总超时=144s"
1779121310006053112,1779121310005074200,2026-05-19T00:21:50.006+08:00,2,mapping_grid,动作执行结果：成功
1779121310438670776,1779121310437505048,2026-05-19T00:21:50.438+08:00,2,mapping_grid,暂不入图：采集前位姿变化超过当前静止/移动门限，或位姿历史缺失/不连续；状态=observe_cell，格点=3
1779121314479508632,1779121314478471928,2026-05-19T00:21:54.479+08:00,2,mapping_grid,暂不入图：采集前位姿变化超过当前静止/移动门限，或位姿历史缺失/不连续；状态=observe_cell，格点=3
1779121322017776376,1779121322016346360,2026-05-19T00:22:02.017+08:00,2,mapping_grid,"格点3观察完成：已处理双目帧=27，新增有效目标测量=27，累计有效目标测量=33；感知统计={'received_frames': 251, 'processed_frames': 251, 'rejected_frames': 0, 'cone_candidates': 277, 'cone_confidence_rejected': 0, 'cone_mask_rejected': 0, 'cone_depth_rejected': 105, 'cone_observations': 172, 'unstable_frames': 93, 'moving_frames': 1, 'old_phase_frames': 16}"
1779121322022298104,1779121322019481208,2026-05-19T00:22:02.022+08:00,2,mapping_grid,"发送动作目标：WTRAVEL，目标=[1.10, -0.61, 0.05, 0.00]，超时=150s，任务上下文=""mapping_grid task:2步骤-mapping:travel_to_cell_5"""
1779121322031932856,1779121322031288056,2026-05-19T00:22:02.031+08:00,2,mapping_grid,动作目标已接受，等待执行结果……
1779121322032369912,1779121322031487832,2026-05-19T00:22:02.032+08:00,2,mapping_grid,"步进开始: 目标=(1.11, -2.21, 0.05, 90.5°), 总超时=150s"
1779121323334831288,1779121323333818840,2026-05-19T00:22:03.334+08:00,2,mapping_grid,暂不入图：采集前位姿变化超过当前静止/移动门限，或位姿历史缺失/不连续；状态=travel_to_cell，格点=5
1779121326569368056,1779121326568144440,2026-05-19T00:22:06.569+08:00,2,mapping_grid,暂不入图：采集前位姿变化超过当前静止/移动门限，或位姿历史缺失/不连续；状态=travel_to_cell，格点=5
1779121327586687864,1779121327562773912,2026-05-19T00:22:07.586+08:00,2,mapping_grid,"步进开始: 目标=(1.10, -0.61, 0.05, 90.5°), 总超时=144s"
1779121332769370584,1779121332767776024,2026-05-19T00:22:12.769+08:00,2,mapping_grid,暂不入图：采集前位姿变化超过当前静止/移动门限，或位姿历史缺失/不连续；状态=travel_to_cell，格点=5
1779121344252723480,1779121344251396888,2026-05-19T00:22:24.252+08:00,2,mapping_grid,动作执行结果：成功
1779121344807194296,1779121344805381304,2026-05-19T00:22:24.807+08:00,2,mapping_grid,暂不入图：采集前位姿变化超过当前静止/移动门限，或位姿历史缺失/不连续；状态=observe_cell，格点=5
1779121347968728536,1779121347967758744,2026-05-19T00:22:27.968+08:00,2,mapping_grid,暂不入图：采集前位姿变化超过当前静止/移动门限，或位姿历史缺失/不连续；状态=observe_cell，格点=5
1779121351233770104,1779121351232644888,2026-05-19T00:22:31.233+08:00,2,mapping_grid,暂不入图：采集前位姿变化超过当前静止/移动门限，或位姿历史缺失/不连续；状态=observe_cell，格点=5
1779121356267462296,1779121356261862360,2026-05-19T00:22:36.267+08:00,2,mapping_grid,"格点5观察完成：已处理双目帧=22，新增有效目标测量=22，累计有效目标测量=30；感知统计={'received_frames': 342, 'processed_frames': 342, 'rejected_frames': 0, 'cone_candidates': 368, 'cone_confidence_rejected': 0, 'cone_mask_rejected': 0, 'cone_depth_rejected': 110, 'cone_observations': 258, 'unstable_frames': 127, 'moving_frames': 1, 'old_phase_frames': 20}"
1779121356273414072,1779121356272147480,2026-05-19T00:22:36.273+08:00,2,mapping_grid,"发送动作目标：WTRAVEL，目标=[1.10, -1.41, 0.05, 0.00]，超时=150s，任务上下文=""mapping_grid task:2步骤-mapping:travel_to_cell_4"""
1779121356284601784,1779121356284148760,2026-05-19T00:22:36.284+08:00,2,mapping_grid,"步进开始: 目标=(1.10, -0.60, 0.05, -90.2°), 总超时=150s"
1779121356297237560,1779121356296213400,2026-05-19T00:22:36.297+08:00,2,mapping_grid,动作目标已接受，等待执行结果……
1779121357455336920,1779121357454147576,2026-05-19T00:22:37.455+08:00,2,mapping_grid,暂不入图：采集前位姿变化超过当前静止/移动门限，或位姿历史缺失/不连续；状态=travel_to_cell，格点=4
1779121360721143736,1779121360720177816,2026-05-19T00:22:40.721+08:00,2,mapping_grid,暂不入图：采集前位姿变化超过当前静止/移动门限，或位姿历史缺失/不连续；状态=travel_to_cell，格点=4
1779121363923759064,1779121363922798008,2026-05-19T00:22:43.923+08:00,2,mapping_grid,暂不入图：采集前位姿变化超过当前静止/移动门限，或位姿历史缺失/不连续；状态=travel_to_cell，格点=4
1779121366645794872,1779121366644757624,2026-05-19T00:22:46.645+08:00,2,mapping_grid,"步进开始: 目标=(1.10, -1.41, 0.05, -90.2°), 总超时=140s"
1779121375392529144,1779121375391565080,2026-05-19T00:22:55.392+08:00,2,mapping_grid,动作执行结果：成功
1779121376187035224,1779121376185909176,2026-05-19T00:22:56.187+08:00,2,mapping_grid,暂不入图：采集前位姿变化超过当前静止/移动门限，或位姿历史缺失/不连续；状态=observe_cell，格点=4
1779121381328654456,1779121381326895608,2026-05-19T00:23:01.328+08:00,2,mapping_grid,暂不入图：采集前位姿变化超过当前静止/移动门限，或位姿历史缺失/不连续；状态=observe_cell，格点=4
1779121387396841208,1779121387393706488,2026-05-19T00:23:07.396+08:00,2,mapping_grid,"格点4观察完成：已处理双目帧=34，新增有效目标测量=0，累计有效目标测量=0；感知统计={'received_frames': 418, 'processed_frames': 418, 'rejected_frames': 0, 'cone_candidates': 452, 'cone_confidence_rejected': 0, 'cone_mask_rejected': 0, 'cone_depth_rejected': 118, 'cone_observations': 334, 'unstable_frames': 172, 'moving_frames': 1, 'old_phase_frames': 24}"
1779121387405018424,1779121387398398360,2026-05-19T00:23:07.405+08:00,2,mapping_grid,"发送动作目标：WTRAVEL，目标=[1.90, -0.61, 0.05, 0.00]，超时=150s，任务上下文=""mapping_grid task:2步骤-mapping:travel_to_cell_2"""
1779121387414097816,1779121387410724440,2026-05-19T00:23:07.414+08:00,2,mapping_grid,动作目标已接受，等待执行结果……
1779121387416377528,1779121387414904216,2026-05-19T00:23:07.416+08:00,2,mapping_grid,"步进开始: 目标=(1.10, -1.43, 0.05, 45.6°), 总超时=150s"
1779121388531520152,1779121388530483128,2026-05-19T00:23:08.531+08:00,2,mapping_grid,暂不入图：采集前位姿变化超过当前静止/移动门限，或位姿历史缺失/不连续；状态=travel_to_cell，格点=2
1779121391695513656,1779121391694734712,2026-05-19T00:23:11.695+08:00,2,mapping_grid,暂不入图：采集前位姿变化超过当前静止/移动门限，或位姿历史缺失/不连续；状态=travel_to_cell，格点=2
1779121394152489528,1779121394151729592,2026-05-19T00:23:14.152+08:00,2,mapping_grid,"步进开始: 目标=(1.90, -0.61, 0.05, 45.6°), 总超时=143s"
1779121403113250712,1779121403112220152,2026-05-19T00:23:23.113+08:00,2,mapping_grid,动作执行结果：成功
1779121403600417176,1779121403599069752,2026-05-19T00:23:23.600+08:00,2,mapping_grid,暂不入图：采集前位姿变化超过当前静止/移动门限，或位姿历史缺失/不连续；状态=observe_cell，格点=2
1779121407270529144,1779121407268518968,2026-05-19T00:23:27.270+08:00,2,mapping_grid,暂不入图：采集前位姿变化超过当前静止/移动门限，或位姿历史缺失/不连续；状态=observe_cell，格点=2
1779121415119583832,1779121415118454008,2026-05-19T00:23:35.119+08:00,2,mapping_grid,"格点2观察完成：已处理双目帧=35，新增有效目标测量=0，累计有效目标测量=1；感知统计={'received_frames': 502, 'processed_frames': 502, 'rejected_frames': 0, 'cone_candidates': 471, 'cone_confidence_rejected': 0, 'cone_mask_rejected': 0, 'cone_depth_rejected': 128, 'cone_observations': 343, 'unstable_frames': 212, 'moving_frames': 1, 'old_phase_frames': 28}"
1779121415125566264,1779121415123071768,2026-05-19T00:23:35.125+08:00,2,mapping_grid,"发送动作目标：WTRAVEL，目标=[1.90, -1.41, 0.05, 0.00]，超时=150s，任务上下文=""mapping_grid task:2步骤-mapping:travel_to_cell_1"""
1779121415133760472,1779121415133032920,2026-05-19T00:23:35.133+08:00,2,mapping_grid,"步进开始: 目标=(1.91, -0.60, 0.04, -90.5°), 总超时=150s"
1779121415135713496,1779121415134753048,2026-05-19T00:23:35.135+08:00,2,mapping_grid,动作目标已接受，等待执行结果……
1779121416082027896,1779121416081039960,2026-05-19T00:23:36.082+08:00,2,mapping_grid,暂不入图：采集前位姿变化超过当前静止/移动门限，或位姿历史缺失/不连续；状态=travel_to_cell，格点=1
1779121419156592024,1779121419155640312,2026-05-19T00:23:39.156+08:00,2,mapping_grid,暂不入图：采集前位姿变化超过当前静止/移动门限，或位姿历史缺失/不连续；状态=travel_to_cell，格点=1
1779121422072670168,1779121422072235128,2026-05-19T00:23:42.072+08:00,2,mapping_grid,"步进开始: 目标=(1.90, -1.41, 0.05, -90.5°), 总超时=143s"
1779121431128258616,1779121431127510264,2026-05-19T00:23:51.128+08:00,2,mapping_grid,动作执行结果：成功
1779121431560986936,1779121431560125912,2026-05-19T00:23:51.560+08:00,2,mapping_grid,暂不入图：采集前位姿变化超过当前静止/移动门限，或位姿历史缺失/不连续；状态=observe_cell，格点=1
1779121434768984216,1779121434768013656,2026-05-19T00:23:54.768+08:00,2,mapping_grid,暂不入图：采集前位姿变化超过当前静止/移动门限，或位姿历史缺失/不连续；状态=observe_cell，格点=1
1779121443141460088,1779121443137872472,2026-05-19T00:24:03.141+08:00,2,mapping_grid,"格点1观察完成：已处理双目帧=38，新增有效目标测量=0，累计有效目标测量=1；感知统计={'received_frames': 590, 'processed_frames': 590, 'rejected_frames': 0, 'cone_candidates': 476, 'cone_confidence_rejected': 0, 'cone_mask_rejected': 0, 'cone_depth_rejected': 129, 'cone_observations': 347, 'unstable_frames': 253, 'moving_frames': 1, 'old_phase_frames': 31}"
1779121443152022200,1779121443149403832,2026-05-19T00:24:03.152+08:00,2,mapping_grid,"发送动作目标：WTRAVEL，目标=[1.90, -2.21, 0.05, 0.00]，超时=150s，任务上下文=""mapping_grid task:2步骤-mapping:travel_to_cell_0"""
1779121443162880376,1779121443161469528,2026-05-19T00:24:03.162+08:00,2,mapping_grid,"步进开始: 目标=(1.90, -1.42, 0.06, -90.0°), 总超时=150s"
1779121443167713176,1779121443164597976,2026-05-19T00:24:03.167+08:00,2,mapping_grid,动作目标已接受，等待执行结果……
1779121443181272312,1779121443177383128,2026-05-19T00:24:03.181+08:00,2,mapping_grid,"步进开始: 目标=(1.90, -2.21, 0.05, -90.0°), 总超时=150s"
1779121454843478968,1779121454842049336,2026-05-19T00:24:14.843+08:00,2,mapping_grid,动作执行结果：成功
1779121455311194968,1779121455309869176,2026-05-19T00:24:15.311+08:00,2,mapping_grid,暂不入图：采集前位姿变化超过当前静止/移动门限，或位姿历史缺失/不连续；状态=observe_cell，格点=0
1779121458357228632,1779121458356242456,2026-05-19T00:24:18.357+08:00,2,mapping_grid,暂不入图：采集前位姿变化超过当前静止/移动门限，或位姿历史缺失/不连续；状态=observe_cell，格点=0
1779121466857110328,1779121466854802520,2026-05-19T00:24:26.857+08:00,2,mapping_grid,"格点0观察完成：已处理双目帧=29，新增有效目标测量=29，累计有效目标测量=54；感知统计={'received_frames': 671, 'processed_frames': 671, 'rejected_frames': 0, 'cone_candidates': 521, 'cone_confidence_rejected': 0, 'cone_mask_rejected': 0, 'cone_depth_rejected': 131, 'cone_observations': 390, 'unstable_frames': 271, 'moving_frames': 1, 'old_phase_frames': 34}"
1779121466865144600,1779121466864319992,2026-05-19T00:24:26.865+08:00,2,mapping_grid,"建图最终结果（两方两圆约束）：{3: 0, 7: 0, 0: 1, 5: 1}；类别0=方形，类别1=圆形；证据票数={7: (85, 0), 3: (18, 4), 6: (4, 0), 0: (6, 37), 5: (32, 60), 2: (0, 4), 8: (1, 0), 1: (2, 1)}"
1779121466871690936,1779121466869014584,2026-05-19T00:24:26.871+08:00,2,mapping_grid,建图独立调试完成：不执行锥桶遍历
1779121466891599416,1779121466890595768,2026-05-19T00:24:26.891+08:00,2,mapping_grid,💡 灯光已打开：建图及遍历完成（数值=2）
1779121466892313496,1779121466891542360,2026-05-19T00:24:26.892+08:00,2,mapping_grid,=== 任务列表执行完成（2/2）===
1779121530184111512,1779121530183322456,2026-05-19T00:25:30.184+08:00,2,,启动配置：MCU原点重置=True，心跳发布器已创建=True，频率=15Hz，arm_mode=1；等待START成功后才发送心跳
1779121543347840280,1779121543346860856,2026-05-19T00:25:43.347+08:00,2,,比赛目标元数据：turntable
1779121543369425720,1779121543368645848,2026-05-19T00:25:43.369+08:00,2,,TaskRunner 节点已启动
1779121543370095768,1779121543369395096,2026-05-19T00:25:43.370+08:00,2,,调试模式：False
1779121543388998392,1779121543387666648,2026-05-19T00:25:43.388+08:00,2,,已从 /home/nvidia/YouLong_AUV_Control_System/workspace_auv/src/uv_task/config/missions/mapping_grid.json 加载 2 个任务
1779121543397322776,1779121543391985688,2026-05-19T00:25:43.397+08:00,2,,已自动启动任务列表（共 2 个任务）
1779121543398214392,1779121543394760088,2026-05-19T00:25:43.398+08:00,3,,=== 任务列表开始执行（共 2 个任务）===
1779121543398596248,1779121543395910296,2026-05-19T00:25:43.398+08:00,3,start,"[1/2] start 参数={'skip_preparation': True} | 指令位姿=(0.00, 0.00, 0.00, 0.0°)"
1779121543398908984,1779121543398118648,2026-05-19T00:25:43.398+08:00,3,start,仿真/自动任务：跳过拔缆倒计时，立即初始化里程计原点
1779121543399195896,1779121543398874488,2026-05-19T00:25:43.399+08:00,3,start,💡 灯光已关闭
1779121543399827704,1779121543399530200,2026-05-19T00:25:43.399+08:00,3,start,⚙️  舵机1：START置零（抓取位置）（发布angle=0.0°；内部=0.0000 rad，已发指令）
1779121543400345688,1779121543400082744,2026-05-19T00:25:43.400+08:00,3,start,"发送动作目标：START，目标=[0.00, 0.00, 0.00, 0.00]，超时=0s，任务上下文=""start task:1步骤-初始化里程计原点(all)"""
1779121543415926936,1779121543413399544,2026-05-19T00:25:43.415+08:00,3,start,动作目标已接受，等待执行结果……
1779121543535376312,1779121543534227096,2026-05-19T00:25:43.535+08:00,3,start,START[6/6]：PoseInfo已发布，agxhbt心跳已启用；START返回成功，不等待MCU解锁
1779121543546029848,1779121543542146168,2026-05-19T00:25:43.546+08:00,3,start,动作执行结果：成功
1779121543547314840,1779121543542967160,2026-05-19T00:25:43.547+08:00,3,mapping_grid,"[2/2] mapping_grid 参数={'timeout': 1800.0, 'move_timeout': 150.0, 'traversal_clearance_m': 0.4, 'traversal_tracking_margin_m': 0.15, 'observe_seconds': 12.0, 'stable_seconds': 1.0, 'stable_position_m': 0.03, 'stable_angle_deg': 2.0, 'allow_motion_observations': True, 'motion_window_seconds': 0.5, 'motion_position_m': 0.15, 'motion_angle_deg': 5.0, 'min_observations': 3, 'class_vote_ratio': 0.67, 'expected_cones': 4, 'grid_center_x': 1.1, 'grid_center_y': -1.41, 'grid_side_m': 2.4, 'grid_yaw_deg': 0.0, 'floor_z': 1.0, 'survey_z': 0.05, 'survey_yaw_deg': 0.0, 'tag_x': 0.0, 'tag_y': 0.0, 'tag_id': -1, 'allowed_tag_ids': [16, 18], 'tag_dictionary': 'DICT_APRILTAG_16h5', 'visit_order': [8, 7, 6, 3, 4, 5, 2, 1, 0], 'measurement_sigma_m': 0.035, 'process_noise': 0.0001, 'mahalanobis_gate': 11.345, 'cell_gate_m': 0.48, 'tag_timeout': 30.0, 'fallback_tag_id': 16, 'fallback_square_cells': [3, 7], 'fallback_round_cells': [0, 5], 'enable_traversal': False} | 指令位姿=(0.00, 0.00, 0.00, 0.0°)"
1779121543548681784,1779121543543637144,2026-05-19T00:25:43.548+08:00,3,mapping_grid,💡 灯光已打开：建图及遍历执行中（数值=3）
1779121543702048760,1779121543700634200,2026-05-19T00:25:43.702+08:00,3,mapping_grid,"发送动作目标：WTRAVEL，目标=[0.00, 0.00, 0.05, 0.00]，超时=150s，任务上下文=""mapping_grid task:2步骤-mapping:travel_to_april_tag"""
1779121543713226904,1779121543712217176,2026-05-19T00:25:43.713+08:00,3,mapping_grid,动作目标已接受，等待执行结果……
1779121544609111960,1779121544603130488,2026-05-19T00:25:44.609+08:00,3,mapping_grid,建图数据被拒绝：格点=None，原因=outside_cell_gate
1779121544609550584,1779121544603182168,2026-05-19T00:25:44.609+08:00,3,mapping_grid,"步进开始: 目标=(0.00, 0.00, 0.05, 0.0°), 总超时=150s"
1779121544625407736,1779121544621781080,2026-05-19T00:25:44.625+08:00,3,mapping_grid,动作执行结果：成功
1779121544626272216,1779121544622828536,2026-05-19T00:25:44.626+08:00,3,mapping_grid,开始识别池底标记：字典=DICT_APRILTAG_16h5，期望ID=-1，输入=/perception/mapping/observations
1779121544626609048,1779121544623524696,2026-05-19T00:25:44.626+08:00,3,mapping_grid,"标记识别进度：{'frames': 1, 'markers': 1, 'wrong_id': 0, 'no_depth': 0}，最近原因=not_scanned"
1779121545799287672,1779121545798285848,2026-05-19T00:25:45.799+08:00,3,mapping_grid,标记确认成功：ID=18，有效观测=3
1779121545831473912,1779121545829952376,2026-05-19T00:25:45.831+08:00,3,mapping_grid,"发送动作目标：WTRAVEL，目标=[0.30, -0.61, 0.05, 0.00]，超时=150s，任务上下文=""mapping_grid task:2步骤-mapping:travel_to_cell_8"""
1779121545843794904,1779121545842915192,2026-05-19T00:25:45.843+08:00,3,mapping_grid,动作目标已接受，等待执行结果……
1779121545844610584,1779121545841890584,2026-05-19T00:25:45.844+08:00,3,mapping_grid,"步进开始: 目标=(-0.01, 0.00, 0.01, -63.3°), 总超时=150s"
1779121546983875640,1779121546982250584,2026-05-19T00:25:46.983+08:00,3,mapping_grid,暂不入图：采集前位姿变化超过当前静止/移动门限，或位姿历史缺失/不连续；状态=travel_to_cell，格点=8
1779121550127409560,1779121550123047672,2026-05-19T00:25:50.127+08:00,3,mapping_grid,建图数据被拒绝：格点=8，原因=outside_cell_gate
1779121552391409240,1779121552389930168,2026-05-19T00:25:52.391+08:00,3,mapping_grid,"步进开始: 目标=(0.30, -0.61, 0.05, -63.3°), 总超时=143s"
1779121553164861720,1779121553163598968,2026-05-19T00:25:53.164+08:00,3,mapping_grid,建图数据被拒绝：格点=8，原因=outside_cell_gate
1779121554935936216,1779121554934624472,2026-05-19T00:25:54.935+08:00,3,mapping_grid,暂不入图：采集前位姿变化超过当前静止/移动门限，或位姿历史缺失/不连续；状态=travel_to_cell，格点=8
1779121556386036696,1779121556385037528,2026-05-19T00:25:56.386+08:00,3,mapping_grid,建图数据被拒绝：格点=8，原因=outside_cell_gate
1779121559234484088,1779121559233697944,2026-05-19T00:25:59.234+08:00,3,mapping_grid,动作执行结果：成功
1779121559907364408,1779121559906289144,2026-05-19T00:25:59.907+08:00,3,mapping_grid,暂不入图：采集前位姿变化超过当前静止/移动门限，或位姿历史缺失/不连续；状态=observe_cell，格点=8
1779121563844778488,1779121563843567384,2026-05-19T00:26:03.844+08:00,3,mapping_grid,暂不入图：采集前位姿变化超过当前静止/移动门限，或位姿历史缺失/不连续；状态=observe_cell，格点=8
1779121571236275704,1779121571235218072,2026-05-19T00:26:11.236+08:00,3,mapping_grid,"格点8观察完成：已处理双目帧=35，新增有效目标测量=0，累计有效目标测量=0；感知统计={'received_frames': 71, 'processed_frames': 71, 'rejected_frames': 0, 'cone_candidates': 68, 'cone_confidence_rejected': 0, 'cone_mask_rejected': 0, 'cone_depth_rejected': 32, 'cone_observations': 36, 'unstable_frames': 26, 'moving_frames': 1, 'old_phase_frames': 7}"
1779121571238322008,1779121571237094904,2026-05-19T00:26:11.238+08:00,3,mapping_grid,"发送动作目标：WTRAVEL，目标=[0.30, -1.41, 0.05, 0.00]，超时=150s，任务上下文=""mapping_grid task:2步骤-mapping:travel_to_cell_7"""
1779121571249596920,1779121571248750072,2026-05-19T00:26:11.249+08:00,3,mapping_grid,"步进开始: 目标=(0.30, -0.61, 0.07, -90.2°), 总超时=150s"
1779121571249896312,1779121571249205304,2026-05-19T00:26:11.249+08:00,3,mapping_grid,动作目标已接受，等待执行结果……
1779121572414401080,1779121572413436952,2026-05-19T00:26:12.414+08:00,3,mapping_grid,暂不入图：采集前位姿变化超过当前静止/移动门限，或位姿历史缺失/不连续；状态=travel_to_cell，格点=7
1779121574874202584,1779121574873044600,2026-05-19T00:26:14.874+08:00,3,mapping_grid,"步进开始: 目标=(0.30, -1.41, 0.05, -90.2°), 总超时=146s"
1779121584223535192,1779121584222436504,2026-05-19T00:26:24.223+08:00,3,mapping_grid,动作执行结果：成功
1779121584867021496,1779121584865515864,2026-05-19T00:26:24.867+08:00,3,mapping_grid,暂不入图：采集前位姿变化超过当前静止/移动门限，或位姿历史缺失/不连续；状态=observe_cell，格点=7
1779121589114462808,1779121589112525176,2026-05-19T00:26:29.114+08:00,3,mapping_grid,暂不入图：采集前位姿变化超过当前静止/移动门限，或位姿历史缺失/不连续；状态=observe_cell，格点=7
1779121596275100984,1779121596273546040,2026-05-19T00:26:36.275+08:00,3,mapping_grid,"格点7观察完成：已处理双目帧=31，新增有效目标测量=11，累计有效目标测量=11；感知统计={'received_frames': 148, 'processed_frames': 148, 'rejected_frames': 0, 'cone_candidates': 132, 'cone_confidence_rejected': 0, 'cone_mask_rejected': 0, 'cone_depth_rejected': 85, 'cone_observations': 47, 'unstable_frames': 49, 'moving_frames': 1, 'old_phase_frames': 12}"
1779121596277642328,1779121596275416056,2026-05-19T00:26:36.277+08:00,3,mapping_grid,"发送动作目标：WTRAVEL，目标=[0.30, -2.21, 0.05, 0.00]，超时=150s，任务上下文=""mapping_grid task:2步骤-mapping:travel_to_cell_6"""
1779121596288333368,1779121596285091320,2026-05-19T00:26:36.288+08:00,3,mapping_grid,"步进开始: 目标=(0.30, -1.42, 0.06, -90.0°), 总超时=150s"
1779121596289423512,1779121596287002520,2026-05-19T00:26:36.289+08:00,3,mapping_grid,动作目标已接受，等待执行结果……
1779121596303472632,1779121596297471448,2026-05-19T00:26:36.303+08:00,3,mapping_grid,"步进开始: 目标=(0.30, -2.21, 0.05, -90.0°), 总超时=150s"
1779121604857564728,1779121604856015352,2026-05-19T00:26:44.857+08:00,3,mapping_grid,动作执行结果：成功
1779121605452614136,1779121605451497528,2026-05-19T00:26:45.452+08:00,3,mapping_grid,暂不入图：采集前位姿变化超过当前静止/移动门限，或位姿历史缺失/不连续；状态=observe_cell，格点=6
1779121616867231096,1779121616866313752,2026-05-19T00:26:56.867+08:00,3,mapping_grid,"格点6观察完成：已处理双目帧=28，新增有效目标测量=0，累计有效目标测量=0；感知统计={'received_frames': 206, 'processed_frames': 206, 'rejected_frames': 0, 'cone_candidates': 223, 'cone_confidence_rejected': 0, 'cone_mask_rejected': 0, 'cone_depth_rejected': 119, 'cone_observations': 104, 'unstable_frames': 59, 'moving_frames': 1, 'old_phase_frames': 15}"
1779121616870073112,1779121616869597720,2026-05-19T00:26:56.870+08:00,3,mapping_grid,"发送动作目标：WTRAVEL，目标=[1.10, -2.21, 0.05, 0.00]，超时=150s，任务上下文=""mapping_grid task:2步骤-mapping:travel_to_cell_3"""
1779121616877073944,1779121616876809112,2026-05-19T00:26:56.877+08:00,3,mapping_grid,"步进开始: 目标=(0.30, -2.30, 0.05, 6.3°), 总超时=150s"
1779121616881635032,1779121616881088472,2026-05-19T00:26:56.881+08:00,3,mapping_grid,动作目标已接受，等待执行结果……
1779121618033533240,1779121618032570008,2026-05-19T00:26:58.033+08:00,3,mapping_grid,暂不入图：采集前位姿变化超过当前静止/移动门限，或位姿历史缺失/不连续；状态=travel_to_cell，格点=3
1779121621253402680,1779121621252465400,2026-05-19T00:27:01.253+08:00,3,mapping_grid,暂不入图：采集前位姿变化超过当前静止/移动门限，或位姿历史缺失/不连续；状态=travel_to_cell，格点=3
1779121622914096952,1779121622913261304,2026-05-19T00:27:02.914+08:00,3,mapping_grid,"步进开始: 目标=(1.10, -2.21, 0.05, 6.3°), 总超时=144s"
1779121627852553816,1779121627851695224,2026-05-19T00:27:07.852+08:00,3,mapping_grid,动作执行结果：成功
1779121628379046712,1779121628378044344,2026-05-19T00:27:08.379+08:00,3,mapping_grid,暂不入图：采集前位姿变化超过当前静止/移动门限，或位姿历史缺失/不连续；状态=observe_cell，格点=3
1779121632300902232,1779121632299335896,2026-05-19T00:27:12.300+08:00,3,mapping_grid,暂不入图：采集前位姿变化超过当前静止/移动门限，或位姿历史缺失/不连续；状态=observe_cell，格点=3
1779121639864013272,1779121639862988280,2026-05-19T00:27:19.864+08:00,3,mapping_grid,"格点3观察完成：已处理双目帧=25，新增有效目标测量=25，累计有效目标测量=30；感知统计={'received_frames': 255, 'processed_frames': 255, 'rejected_frames': 0, 'cone_candidates': 280, 'cone_confidence_rejected': 0, 'cone_mask_rejected': 0, 'cone_depth_rejected': 133, 'cone_observations': 147, 'unstable_frames': 90, 'moving_frames': 1, 'old_phase_frames': 19}"
1779121639867231768,1779121639865655032,2026-05-19T00:27:19.867+08:00,3,mapping_grid,"发送动作目标：WTRAVEL，目标=[1.10, -1.41, 0.05, 0.00]，超时=150s，任务上下文=""mapping_grid task:2步骤-mapping:travel_to_cell_4"""
1779121639876130712,1779121639875877848,2026-05-19T00:27:19.876+08:00,3,mapping_grid,"步进开始: 目标=(1.11, -2.21, 0.05, 90.9°), 总超时=150s"
1779121639878408568,1779121639877471544,2026-05-19T00:27:19.878+08:00,3,mapping_grid,动作目标已接受，等待执行结果……
1779121641193089528,1779121641192246968,2026-05-19T00:27:21.193+08:00,3,mapping_grid,暂不入图：采集前位姿变化超过当前静止/移动门限，或位姿历史缺失/不连续；状态=travel_to_cell，格点=4
1779121644343095864,1779121644342261560,2026-05-19T00:27:24.343+08:00,3,mapping_grid,暂不入图：采集前位姿变化超过当前静止/移动门限，或位姿历史缺失/不连续；状态=travel_to_cell，格点=4
1779121645510455928,1779121645509771832,2026-05-19T00:27:25.510+08:00,3,mapping_grid,"步进开始: 目标=(1.10, -1.41, 0.05, 90.9°), 总超时=144s"
1779121654466770648,1779121654464654904,2026-05-19T00:27:34.466+08:00,3,mapping_grid,动作执行结果：成功
1779121655132791736,1779121655131833656,2026-05-19T00:27:35.132+08:00,3,mapping_grid,暂不入图：采集前位姿变化超过当前静止/移动门限，或位姿历史缺失/不连续；状态=observe_cell，格点=4
1779121659672744632,1779121659672057112,2026-05-19T00:27:39.672+08:00,3,mapping_grid,暂不入图：采集前位姿变化超过当前静止/移动门限，或位姿历史缺失/不连续；状态=observe_cell，格点=4
1779121666470931800,1779121666469903864,2026-05-19T00:27:46.470+08:00,3,mapping_grid,"格点4观察完成：已处理双目帧=37，新增有效目标测量=0，累计有效目标测量=0；感知统计={'received_frames': 329, 'processed_frames': 329, 'rejected_frames': 0, 'cone_candidates': 352, 'cone_confidence_rejected': 0, 'cone_mask_rejected': 0, 'cone_depth_rejected': 137, 'cone_observations': 215, 'unstable_frames': 121, 'moving_frames': 1, 'old_phase_frames': 22}"
1779121666476155512,1779121666473675992,2026-05-19T00:27:46.476+08:00,3,mapping_grid,"发送动作目标：WTRAVEL，目标=[1.10, -0.61, 0.05, 0.00]，超时=150s，任务上下文=""mapping_grid task:2步骤-mapping:travel_to_cell_5"""
1779121666481870776,1779121666481403448,2026-05-19T00:27:46.481+08:00,3,mapping_grid,"步进开始: 目标=(1.10, -1.40, 0.05, 90.0°), 总超时=150s"
1779121666486208056,1779121666485293112,2026-05-19T00:27:46.486+08:00,3,mapping_grid,动作目标已接受，等待执行结果……
1779121666491728792,1779121666491203512,2026-05-19T00:27:46.491+08:00,3,mapping_grid,"步进开始: 目标=(1.10, -0.61, 0.05, 90.0°), 总超时=150s"
1779121675345664920,1779121675344861208,2026-05-19T00:27:55.345+08:00,3,mapping_grid,动作执行结果：成功
1779121676055082328,1779121676054004184,2026-05-19T00:27:56.055+08:00,3,mapping_grid,暂不入图：采集前位姿变化超过当前静止/移动门限，或位姿历史缺失/不连续；状态=observe_cell，格点=5
1779121680427702040,1779121680426635352,2026-05-19T00:28:00.427+08:00,3,mapping_grid,暂不入图：采集前位姿变化超过当前静止/移动门限，或位姿历史缺失/不连续；状态=observe_cell，格点=5
1779121687364882072,1779121687362905272,2026-05-19T00:28:07.364+08:00,3,mapping_grid,"格点5观察完成：已处理双目帧=28，新增有效目标测量=28，累计有效目标测量=33；感知统计={'received_frames': 397, 'processed_frames': 397, 'rejected_frames': 0, 'cone_candidates': 390, 'cone_confidence_rejected': 0, 'cone_mask_rejected': 0, 'cone_depth_rejected': 141, 'cone_observations': 249, 'unstable_frames': 135, 'moving_frames': 1, 'old_phase_frames': 26}"
1779121687369986584,1779121687368331608,2026-05-19T00:28:07.369+08:00,3,mapping_grid,"发送动作目标：WTRAVEL，目标=[1.90, -0.61, 0.05, 0.00]，超时=150s，任务上下文=""mapping_grid task:2步骤-mapping:travel_to_cell_2"""
1779121687376128984,1779121687375816920,2026-05-19T00:28:07.376+08:00,3,mapping_grid,"步进开始: 目标=(1.10, -0.60, 0.05, -0.8°), 总超时=150s"
1779121687384709304,1779121687379845560,2026-05-19T00:28:07.384+08:00,3,mapping_grid,动作目标已接受，等待执行结果……
1779121688345083672,1779121688344213592,2026-05-19T00:28:08.345+08:00,3,mapping_grid,暂不入图：采集前位姿变化超过当前静止/移动门限，或位姿历史缺失/不连续；状态=travel_to_cell，格点=2
1779121691386533560,1779121691385586104,2026-05-19T00:28:11.386+08:00,3,mapping_grid,暂不入图：采集前位姿变化超过当前静止/移动门限，或位姿历史缺失/不连续；状态=travel_to_cell，格点=2
1779121693507622296,1779121693507052728,2026-05-19T00:28:13.507+08:00,3,mapping_grid,"步进开始: 目标=(1.90, -0.61, 0.05, -0.8°), 总超时=144s"
1779121698840415928,1779121698839834488,2026-05-19T00:28:18.840+08:00,3,mapping_grid,动作执行结果：成功
1779121699438754776,1779121699437749752,2026-05-19T00:28:19.438+08:00,3,mapping_grid,暂不入图：采集前位姿变化超过当前静止/移动门限，或位姿历史缺失/不连续；状态=observe_cell，格点=2
1779121702691735768,1779121702691232600,2026-05-19T00:28:22.691+08:00,3,mapping_grid,暂不入图：采集前位姿变化超过当前静止/移动门限，或位姿历史缺失/不连续；状态=observe_cell，格点=2
1779121710860907256,1779121710860052504,2026-05-19T00:28:30.860+08:00,3,mapping_grid,"格点2观察完成：已处理双目帧=36，新增有效目标测量=0，累计有效目标测量=0；感知统计={'received_frames': 458, 'processed_frames': 458, 'rejected_frames': 0, 'cone_candidates': 415, 'cone_confidence_rejected': 0, 'cone_mask_rejected': 0, 'cone_depth_rejected': 141, 'cone_observations': 274, 'unstable_frames': 167, 'moving_frames': 1, 'old_phase_frames': 30}"
1779121710871551576,1779121710870766584,2026-05-19T00:28:30.871+08:00,3,mapping_grid,"发送动作目标：WTRAVEL，目标=[1.90, -1.41, 0.05, 0.00]，超时=150s，任务上下文=""mapping_grid task:2步骤-mapping:travel_to_cell_1"""
1779121710883533976,1779121710882989464,2026-05-19T00:28:30.883+08:00,3,mapping_grid,动作目标已接受，等待执行结果……
1779121710883991064,1779121710883101208,2026-05-19T00:28:30.883+08:00,3,mapping_grid,"步进开始: 目标=(1.90, -0.61, 0.05, -89.7°), 总超时=150s"
1779121711857808696,1779121711856824856,2026-05-19T00:28:31.857+08:00,3,mapping_grid,暂不入图：采集前位姿变化超过当前静止/移动门限，或位姿历史缺失/不连续；状态=travel_to_cell，格点=1
1779121714952672728,1779121714951492792,2026-05-19T00:28:34.952+08:00,3,mapping_grid,暂不入图：采集前位姿变化超过当前静止/移动门限，或位姿历史缺失/不连续；状态=travel_to_cell，格点=1
1779121717224837912,1779121717224159960,2026-05-19T00:28:37.224+08:00,3,mapping_grid,"步进开始: 目标=(1.90, -1.41, 0.05, -89.7°), 总超时=144s"
1779121725881109144,1779121725879991032,2026-05-19T00:28:45.881+08:00,3,mapping_grid,动作执行结果：成功
1779121726418569080,1779121726417671032,2026-05-19T00:28:46.418+08:00,3,mapping_grid,暂不入图：采集前位姿变化超过当前静止/移动门限，或位姿历史缺失/不连续；状态=observe_cell，格点=1
1779121730836041880,1779121730835060504,2026-05-19T00:28:50.836+08:00,3,mapping_grid,暂不入图：采集前位姿变化超过当前静止/移动门限，或位姿历史缺失/不连续；状态=observe_cell，格点=1
1779121737887505752,1779121737886563096,2026-05-19T00:28:57.887+08:00,3,mapping_grid,"格点1观察完成：已处理双目帧=39，新增有效目标测量=0，累计有效目标测量=0；感知统计={'received_frames': 548, 'processed_frames': 548, 'rejected_frames': 0, 'cone_candidates': 416, 'cone_confidence_rejected': 0, 'cone_mask_rejected': 0, 'cone_depth_rejected': 141, 'cone_observations': 275, 'unstable_frames': 200, 'moving_frames': 1, 'old_phase_frames': 34}"
1779121737893317784,1779121737891650232,2026-05-19T00:28:57.893+08:00,3,mapping_grid,"发送动作目标：WTRAVEL，目标=[1.90, -2.21, 0.05, 0.00]，超时=150s，任务上下文=""mapping_grid task:2步骤-mapping:travel_to_cell_0"""
1779121737902461080,1779121737901160920,2026-05-19T00:28:57.902+08:00,3,mapping_grid,"步进开始: 目标=(1.90, -1.42, 0.05, -90.0°), 总超时=150s"
1779121737909056472,1779121737905218744,2026-05-19T00:28:57.909+08:00,3,mapping_grid,"步进开始: 目标=(1.90, -2.21, 0.05, -90.0°), 总超时=150s"
1779121737909448152,1779121737904879768,2026-05-19T00:28:57.909+08:00,3,mapping_grid,动作目标已接受，等待执行结果……
1779121746767756632,1779121746766596312,2026-05-19T00:29:06.767+08:00,3,mapping_grid,动作执行结果：成功
1779121747320966360,1779121747320143192,2026-05-19T00:29:07.320+08:00,3,mapping_grid,暂不入图：采集前位姿变化超过当前静止/移动门限，或位姿历史缺失/不连续；状态=observe_cell，格点=0
1779121758782945944,1779121758781886168,2026-05-19T00:29:18.782+08:00,3,mapping_grid,"格点0观察完成：已处理双目帧=33，新增有效目标测量=33，累计有效目标测量=44；感知统计={'received_frames': 620, 'processed_frames': 620, 'rejected_frames': 0, 'cone_candidates': 460, 'cone_confidence_rejected': 0, 'cone_mask_rejected': 0, 'cone_depth_rejected': 141, 'cone_observations': 319, 'unstable_frames': 210, 'moving_frames': 1, 'old_phase_frames': 38}"
1779121758789388952,1779121758787415992,2026-05-19T00:29:18.789+08:00,3,mapping_grid,"建图最终结果（两方两圆约束）：{6: 0, 7: 0, 0: 1, 5: 1}；类别0=方形，类别1=圆形；证据票数={7: (75, 1), 6: (5, 0), 3: (8, 3), 5: (3, 52), 2: (0, 1), 0: (0, 43)}"
1779121758794244376,1779121758793466680,2026-05-19T00:29:18.794+08:00,3,mapping_grid,建图独立调试完成：不执行锥桶遍历
1779121758827848152,1779121758825727640,2026-05-19T00:29:18.827+08:00,3,mapping_grid,💡 灯光已打开：建图及遍历完成（数值=2）
1779121758829270488,1779121758827205816,2026-05-19T00:29:18.829+08:00,3,mapping_grid,=== 任务列表执行完成（2/2）===
