cycle,start,force_start,force_z_m,press_duration_s,dx_m,dy_m,delta_xy_m,start_z_m,return_z_m,yaw_change_deg,source_line
1,18:08:59.091,18:09:03.726,0.91,0.666,0.122,0.042,0.129,0.21,0.23,6.68,265
2,18:10:39.665,18:10:43.544,0.91,1.001,,,,0.26,,,720
3,18:13:38.347,18:13:42.380,0.9,1.001,,,,0.22,,,1107
4,18:15:11.689,18:15:15.820,0.92,1.001,-0.035,0.165,0.169,0.2,0.22,18.84,1422
5,18:17:01.954,18:17:06.037,0.91,1.002,-0.006,0.051,0.051,0.21,0.26,13.8,1824
6,18:18:56.510,18:19:00.398,0.91,1.001,0.006,0.172,0.172,0.28,0.29,23.39,2238
7,18:19:43.041,18:19:46.669,0.92,1.001,-0.034,0.251,0.253,0.34,0.36,16.39,2446
8,18:20:31.421,18:20:34.798,0.92,1.001,-0.012,0.276,0.276,0.4,0.44,11.22,2658
9,18:21:11.655,18:21:14.628,0.91,1.001,0.002,0.079,0.079,0.48,0.52,7.73,2815
10,18:25:48.074,18:25:52.159,0.91,1.001,-0.093,0.176,0.199,0.21,0.25,14.71,3368
11,18:26:39.673,18:26:43.704,0.91,1.001,0.025,0.225,0.226,0.26,0.3,15.33,3600
12,18:27:19.192,18:27:22.821,0.91,1.001,0.058,0.22,0.228,0.33,0.38,22.93,3748
13,18:28:10.434,18:28:13.609,0.92,1.001,-0.051,0.156,0.164,0.43,0.46,-1.36,3988
14,18:30:09.659,,,,,,,0.24,,,4417
